"ID","filed","Kingdom","Phylum","Class","Order","Family","Genus","Species","group","Label"
"AK",NA,NA,NA,NA,NA,NA,NA,NA,"env","AK"
"AP",NA,NA,NA,NA,NA,NA,NA,NA,"env","AP"
"bac_ASV_1","bac","Bacteria","Bacteroidetes","Sphingobacteriia","Sphingobacteriales","Chitinophagaceae","Unassigned","Unassigned","bac","bac_ASV_1"
"bac_ASV_10","bac","Bacteria","Proteobacteria","Betaproteobacteria","Burkholderiales","Burkholderiaceae","Ralstonia","Ralstonia_pickettii","bac","bac_ASV_10"
"bac_ASV_101","bac","Bacteria","Acidobacteria","Acidobacteria_Gp2","Unassigned","Unassigned","Gp2","Unassigned","bac","bac_ASV_101"
"bac_ASV_1018","bac","Bacteria","Acidobacteria","Acidobacteria_Gp2","Unassigned","Unassigned","Gp2","Unassigned","bac","bac_ASV_1018"
"bac_ASV_1025","bac","Bacteria","Planctomycetes","Planctomycetia","Planctomycetales","Planctomycetaceae","Pirellula","Pirellula_staleyi","bac","bac_ASV_1025"
"bac_ASV_103","bac","Bacteria","Bacteroidetes","Sphingobacteriia","Sphingobacteriales","Chitinophagaceae","Terrimonas","Terrimonas_lutea","bac","bac_ASV_103"
"bac_ASV_1032","bac","Bacteria","Bacteroidetes","Sphingobacteriia","Sphingobacteriales","Sphingobacteriaceae","Pedobacter","Unassigned","bac","bac_ASV_1032"
"bac_ASV_1038","bac","Bacteria","Proteobacteria","Alphaproteobacteria","Rhizobiales","Unassigned","Unassigned","Unassigned","bac","bac_ASV_1038"
"bac_ASV_104","bac","Bacteria","Proteobacteria","Alphaproteobacteria","Rhizobiales","Xanthobacteraceae","Pseudolabrys","Pseudolabrys_taiwanensis","bac","bac_ASV_104"
"bac_ASV_1048","bac","Bacteria","Proteobacteria","Betaproteobacteria","Burkholderiales","Oxalobacteraceae","Duganella","Duganella_radicis","bac","bac_ASV_1048"
"bac_ASV_105","bac","Bacteria","Unassigned","Unassigned","Unassigned","Unassigned","Unassigned","Unassigned","bac","bac_ASV_105"
"bac_ASV_1051","bac","Bacteria","Proteobacteria","Alphaproteobacteria","Rhodospirillales","Rhodospirillaceae","Unassigned","Unassigned","bac","bac_ASV_1051"
"bac_ASV_1054","bac","Bacteria","Acidobacteria","Acidobacteria_Gp5","Unassigned","Unassigned","Gp5","Unassigned","bac","bac_ASV_1054"
"bac_ASV_106","bac","Bacteria","Proteobacteria","Alphaproteobacteria","Rhizobiales","Xanthobacteraceae","Pseudolabrys","Pseudolabrys_taiwanensis","bac","bac_ASV_106"
"bac_ASV_1068","bac","Bacteria","Unassigned","Unassigned","Unassigned","Unassigned","Unassigned","Unassigned","bac","bac_ASV_1068"
"bac_ASV_107","bac","Bacteria","Actinobacteria","Actinobacteria","Gaiellales","Gaiellaceae","Gaiella","Gaiella_occulta","bac","bac_ASV_107"
"bac_ASV_109","bac","Bacteria","Proteobacteria","Betaproteobacteria","Burkholderiales","Unassigned","Unassigned","Unassigned","bac","bac_ASV_109"
"bac_ASV_11","bac","Bacteria","Proteobacteria","Alphaproteobacteria","Rhodospirillales","Rhodospirillaceae","Unassigned","Unassigned","bac","bac_ASV_11"
"bac_ASV_1100","bac","Bacteria","Armatimonadetes","Unassigned","Unassigned","Unassigned","Armatimonadetes_gp5","Unassigned","bac","bac_ASV_1100"
"bac_ASV_1102","bac","Bacteria","Latescibacteria","Unassigned","Unassigned","Unassigned","Latescibacteria_genera_incertae_sedis","Unassigned","bac","bac_ASV_1102"
"bac_ASV_111","bac","Bacteria","Proteobacteria","Alphaproteobacteria","Sphingomonadales","Sphingomonadaceae","Sphingobium","Unassigned","bac","bac_ASV_111"
"bac_ASV_1111","bac","Bacteria","Acidobacteria","Acidobacteria_Gp6","Unassigned","Unassigned","Gp6","Unassigned","bac","bac_ASV_1111"
"bac_ASV_1116","bac","Bacteria","Proteobacteria","Betaproteobacteria","Unassigned","Unassigned","Unassigned","Unassigned","bac","bac_ASV_1116"
"bac_ASV_1128","bac","Bacteria","Acidobacteria","Acidobacteria_Gp2","Unassigned","Unassigned","Gp2","Unassigned","bac","bac_ASV_1128"
"bac_ASV_1129","bac","Bacteria","Chloroflexi","Unassigned","Unassigned","Unassigned","Unassigned","Unassigned","bac","bac_ASV_1129"
"bac_ASV_113","bac","Bacteria","Proteobacteria","Betaproteobacteria","Unassigned","Unassigned","Unassigned","Unassigned","bac","bac_ASV_113"
"bac_ASV_1138","bac","Bacteria","Proteobacteria","Gammaproteobacteria","Unassigned","Unassigned","Unassigned","Unassigned","bac","bac_ASV_1138"
"bac_ASV_114","bac","Bacteria","Proteobacteria","Betaproteobacteria","Nitrosomonadales","Nitrosomonadaceae","Nitrosospira","Unassigned","bac","bac_ASV_114"
"bac_ASV_1159","bac","Unassigned","Unassigned","Unassigned","Unassigned","Unassigned","Unassigned","Unassigned","bac","bac_ASV_1159"
"bac_ASV_116","bac","Bacteria","Proteobacteria","Betaproteobacteria","Unassigned","Unassigned","Unassigned","Unassigned","bac","bac_ASV_116"
"bac_ASV_1168","bac","Bacteria","Proteobacteria","Betaproteobacteria","Unassigned","Unassigned","Unassigned","Unassigned","bac","bac_ASV_1168"
"bac_ASV_117","bac","Bacteria","Proteobacteria","Gammaproteobacteria","Unassigned","Unassigned","Unassigned","Unassigned","bac","bac_ASV_117"
"bac_ASV_1172","bac","Unassigned","Unassigned","Unassigned","Unassigned","Unassigned","Unassigned","Unassigned","bac","bac_ASV_1172"
"bac_ASV_118","bac","Bacteria","Cyanobacteria","Chloroplast","Unassigned","Chloroplast","Streptophyta","Unassigned","bac","bac_ASV_118"
"bac_ASV_1180","bac","Bacteria","Unassigned","Unassigned","Unassigned","Unassigned","Unassigned","Unassigned","bac","bac_ASV_1180"
"bac_ASV_119","bac","Bacteria","Chlamydiae","Chlamydiia","Chlamydiales","Unassigned","Unassigned","Unassigned","bac","bac_ASV_119"
"bac_ASV_1192","bac","Bacteria","Acidobacteria","Acidobacteria_Gp3","Unassigned","Unassigned","Candidatus_Solibacter","Unassigned","bac","bac_ASV_1192"
"bac_ASV_1195","bac","Bacteria","Unassigned","Unassigned","Unassigned","Unassigned","Unassigned","Unassigned","bac","bac_ASV_1195"
"bac_ASV_1197","bac","Bacteria","Unassigned","Unassigned","Unassigned","Unassigned","Unassigned","Unassigned","bac","bac_ASV_1197"
"bac_ASV_1198","bac","Unassigned","Unassigned","Unassigned","Unassigned","Unassigned","Unassigned","Unassigned","bac","bac_ASV_1198"
"bac_ASV_12","bac","Bacteria","Proteobacteria","Gammaproteobacteria","Unassigned","Unassigned","Unassigned","Unassigned","bac","bac_ASV_12"
"bac_ASV_1207","bac","Bacteria","Proteobacteria","Alphaproteobacteria","Rhodospirillales","Rhodospirillaceae","Unassigned","Unassigned","bac","bac_ASV_1207"
"bac_ASV_1216","bac","Bacteria","Proteobacteria","Alphaproteobacteria","Rhizobiales","Unassigned","Unassigned","Unassigned","bac","bac_ASV_1216"
"bac_ASV_122","bac","Bacteria","Unassigned","Unassigned","Unassigned","Unassigned","Unassigned","Unassigned","bac","bac_ASV_122"
"bac_ASV_1222","bac","Bacteria","Proteobacteria","Deltaproteobacteria","Myxococcales","Unassigned","Unassigned","Unassigned","bac","bac_ASV_1222"
"bac_ASV_1228","bac","Bacteria","Proteobacteria","Alphaproteobacteria","Sphingomonadales","Sphingomonadaceae","Novosphingobium","Unassigned","bac","bac_ASV_1228"
"bac_ASV_123","bac","Bacteria","Bacteroidetes","Sphingobacteriia","Sphingobacteriales","Chitinophagaceae","Flavitalea","Flavitalea_gansuensis","bac","bac_ASV_123"
"bac_ASV_124","bac","Bacteria","Acidobacteria","Acidobacteria_Gp16","Unassigned","Unassigned","Gp16","Unassigned","bac","bac_ASV_124"
"bac_ASV_1245","bac","Bacteria","Acidobacteria","Acidobacteria_Gp6","Unassigned","Unassigned","Gp6","Unassigned","bac","bac_ASV_1245"
"bac_ASV_125","bac","Bacteria","Proteobacteria","Alphaproteobacteria","Rhodospirillales","Unassigned","Unassigned","Unassigned","bac","bac_ASV_125"
"bac_ASV_127","bac","Bacteria","Unassigned","Unassigned","Unassigned","Unassigned","Unassigned","Unassigned","bac","bac_ASV_127"
"bac_ASV_128","bac","Bacteria","Acidobacteria","Acidobacteria_Gp2","Unassigned","Unassigned","Gp2","Unassigned","bac","bac_ASV_128"
"bac_ASV_129","bac","Bacteria","Verrucomicrobia","Spartobacteria","Unassigned","Unassigned","Spartobacteria_genera_incertae_sedis","Unassigned","bac","bac_ASV_129"
"bac_ASV_1292","bac","Bacteria","Proteobacteria","Betaproteobacteria","Rhodocyclales","Rhodocyclaceae","Unassigned","Unassigned","bac","bac_ASV_1292"
"bac_ASV_1295","bac","Bacteria","Acidobacteria","Acidobacteria_Gp7","Unassigned","Unassigned","Gp7","Unassigned","bac","bac_ASV_1295"
"bac_ASV_13","bac","Archaea","Thaumarchaeota","Unassigned","Nitrososphaerales","Nitrososphaeraceae","Nitrososphaera","Unassigned","bac","bac_ASV_13"
"bac_ASV_130","bac","Bacteria","Gemmatimonadetes","Gemmatimonadetes","Gemmatimonadales","Gemmatimonadaceae","Gemmatimonas","Gemmatimonas_aurantiaca","bac","bac_ASV_130"
"bac_ASV_1300","bac","Bacteria","Bacteroidetes","Sphingobacteriia","Sphingobacteriales","Chitinophagaceae","Flavitalea","Unassigned","bac","bac_ASV_1300"
"bac_ASV_1301","bac","Archaea","Thaumarchaeota","Unassigned","Nitrososphaerales","Nitrososphaeraceae","Nitrososphaera","Unassigned","bac","bac_ASV_1301"
"bac_ASV_1305","bac","Bacteria","Proteobacteria","Alphaproteobacteria","Rhodospirillales","Unassigned","Unassigned","Unassigned","bac","bac_ASV_1305"
"bac_ASV_131","bac","Bacteria","Proteobacteria","Gammaproteobacteria","Pseudomonadales","Pseudomonadaceae","Pseudomonas","Pseudomonas_corrugata","bac","bac_ASV_131"
"bac_ASV_132","bac","Bacteria","Actinobacteria","Actinobacteria","Gaiellales","Gaiellaceae","Gaiella","Gaiella_occulta","bac","bac_ASV_132"
"bac_ASV_133","bac","Bacteria","Proteobacteria","Betaproteobacteria","Neisseriales","Neisseriaceae","Unassigned","Unassigned","bac","bac_ASV_133"
"bac_ASV_1337","bac","Bacteria","Proteobacteria","Alphaproteobacteria","Rhodospirillales","Rhodospirillaceae","Dongia","Dongia_rigui","bac","bac_ASV_1337"
"bac_ASV_1339","bac","Bacteria","Proteobacteria","Deltaproteobacteria","Desulfuromonadales","Geobacteraceae","Geobacter","Unassigned","bac","bac_ASV_1339"
"bac_ASV_134","bac","Bacteria","candidate_division_WPS-1","Unassigned","Unassigned","Unassigned","WPS-1_genera_incertae_sedis","Unassigned","bac","bac_ASV_134"
"bac_ASV_1341","bac","Bacteria","Acidobacteria","Acidobacteria_Gp3","Unassigned","Unassigned","Candidatus_Solibacter","Unassigned","bac","bac_ASV_1341"
"bac_ASV_135","bac","Bacteria","Proteobacteria","Alphaproteobacteria","Rhizobiales","Unassigned","Unassigned","Unassigned","bac","bac_ASV_135"
"bac_ASV_136","bac","Bacteria","Unassigned","Unassigned","Unassigned","Unassigned","Unassigned","Unassigned","bac","bac_ASV_136"
"bac_ASV_137","bac","Bacteria","Chloroflexi","Unassigned","Unassigned","Unassigned","Unassigned","Unassigned","bac","bac_ASV_137"
"bac_ASV_1378","bac","Bacteria","Proteobacteria","Betaproteobacteria","Burkholderiales","Burkholderiales_incertae_sedis","Aquabacterium","Aquabacterium_limnoticum","bac","bac_ASV_1378"
"bac_ASV_138","bac","Bacteria","Proteobacteria","Alphaproteobacteria","Sphingomonadales","Sphingomonadaceae","Unassigned","Unassigned","bac","bac_ASV_138"
"bac_ASV_139","bac","Bacteria","Acidobacteria","Acidobacteria_Gp3","Unassigned","Unassigned","Gp3","Unassigned","bac","bac_ASV_139"
"bac_ASV_140","bac","Bacteria","Planctomycetes","Planctomycetia","Planctomycetales","Planctomycetaceae","Unassigned","Unassigned","bac","bac_ASV_140"
"bac_ASV_1402","bac","Bacteria","Acidobacteria","Acidobacteria_Gp2","Unassigned","Unassigned","Gp2","Unassigned","bac","bac_ASV_1402"
"bac_ASV_141","bac","Bacteria","Proteobacteria","Betaproteobacteria","Unassigned","Unassigned","Unassigned","Unassigned","bac","bac_ASV_141"
"bac_ASV_1417","bac","Bacteria","Proteobacteria","Deltaproteobacteria","Desulfuromonadales","Geobacteraceae","Geobacter","Unassigned","bac","bac_ASV_1417"
"bac_ASV_142","bac","Bacteria","Proteobacteria","Gammaproteobacteria","Xanthomonadales","Xanthomonadaceae","Arenimonas","Arenimonas_daechungensis","bac","bac_ASV_142"
"bac_ASV_143","bac","Bacteria","Proteobacteria","Betaproteobacteria","Burkholderiales","Unassigned","Unassigned","Unassigned","bac","bac_ASV_143"
"bac_ASV_144","bac","Bacteria","Proteobacteria","Gammaproteobacteria","Unassigned","Unassigned","Unassigned","Unassigned","bac","bac_ASV_144"
"bac_ASV_145","bac","Bacteria","Proteobacteria","Alphaproteobacteria","Alphaproteobacteria_incertae_sedis","Unassigned","Rhizomicrobium","Unassigned","bac","bac_ASV_145"
"bac_ASV_148","bac","Bacteria","Proteobacteria","Betaproteobacteria","Burkholderiales","Burkholderiaceae","Burkholderia","Burkholderia_ubonensis","bac","bac_ASV_148"
"bac_ASV_1489","bac","Bacteria","Unassigned","Unassigned","Unassigned","Unassigned","Unassigned","Unassigned","bac","bac_ASV_1489"
"bac_ASV_149","bac","Bacteria","Unassigned","Unassigned","Unassigned","Unassigned","Unassigned","Unassigned","bac","bac_ASV_149"
"bac_ASV_15","bac","Bacteria","Acidobacteria","Acidobacteria_Gp1","Unassigned","Unassigned","Gp1","Unassigned","bac","bac_ASV_15"
"bac_ASV_151","bac","Bacteria","candidate_division_WPS-1","Unassigned","Unassigned","Unassigned","WPS-1_genera_incertae_sedis","Unassigned","bac","bac_ASV_151"
"bac_ASV_1512","bac","Bacteria","Proteobacteria","Deltaproteobacteria","Desulfuromonadales","Geobacteraceae","Geobacter","Geobacter_bemidjiensis","bac","bac_ASV_1512"
"bac_ASV_1519","bac","Bacteria","Unassigned","Unassigned","Unassigned","Unassigned","Unassigned","Unassigned","bac","bac_ASV_1519"
"bac_ASV_152","bac","Bacteria","Bacteroidetes","Sphingobacteriia","Sphingobacteriales","Chitinophagaceae","Unassigned","Unassigned","bac","bac_ASV_152"
"bac_ASV_153","bac","Bacteria","Proteobacteria","Betaproteobacteria","Unassigned","Unassigned","Unassigned","Unassigned","bac","bac_ASV_153"
"bac_ASV_155","bac","Bacteria","Gemmatimonadetes","Gemmatimonadetes","Gemmatimonadales","Gemmatimonadaceae","Gemmatimonas","Gemmatimonas_aurantiaca","bac","bac_ASV_155"
"bac_ASV_156","bac","Bacteria","Acidobacteria","Acidobacteria_Gp1","Unassigned","Unassigned","Gp1","Unassigned","bac","bac_ASV_156"
"bac_ASV_157","bac","Bacteria","Proteobacteria","Gammaproteobacteria","Chromatiales","Chromatiaceae","Unassigned","Unassigned","bac","bac_ASV_157"
"bac_ASV_158","bac","Bacteria","Proteobacteria","Alphaproteobacteria","Unassigned","Unassigned","Unassigned","Unassigned","bac","bac_ASV_158"
"bac_ASV_1584","bac","Bacteria","Acidobacteria","Acidobacteria_Gp3","Unassigned","Unassigned","Candidatus_Solibacter","Unassigned","bac","bac_ASV_1584"
"bac_ASV_159","bac","Bacteria","Acidobacteria","Acidobacteria_Gp3","Unassigned","Unassigned","Gp3","Unassigned","bac","bac_ASV_159"
"bac_ASV_16","bac","Bacteria","Acidobacteria","Acidobacteria_Gp2","Unassigned","Unassigned","Gp2","Unassigned","bac","bac_ASV_16"
"bac_ASV_1603","bac","Bacteria","Bacteroidetes","Cytophagia","Cytophagales","Unassigned","Chryseolinea","Chryseolinea_serpens","bac","bac_ASV_1603"
"bac_ASV_161","bac","Bacteria","Proteobacteria","Gammaproteobacteria","Xanthomonadales","Xanthomonadaceae","Rhodanobacter","Rhodanobacter_umsongensis","bac","bac_ASV_161"
"bac_ASV_162","bac","Bacteria","Verrucomicrobia","Subdivision3","Unassigned","Unassigned","Subdivision3_genera_incertae_sedis","Unassigned","bac","bac_ASV_162"
"bac_ASV_163","bac","Bacteria","Proteobacteria","Gammaproteobacteria","Unassigned","Unassigned","Unassigned","Unassigned","bac","bac_ASV_163"
"bac_ASV_164","bac","Bacteria","Planctomycetes","Planctomycetia","Planctomycetales","Planctomycetaceae","Gemmata","Gemmata_obscuriglobus","bac","bac_ASV_164"
"bac_ASV_165","bac","Bacteria","Bacteroidetes","Sphingobacteriia","Sphingobacteriales","Chitinophagaceae","Terrimonas","Unassigned","bac","bac_ASV_165"
"bac_ASV_169","bac","Bacteria","Bacteroidetes","Sphingobacteriia","Sphingobacteriales","Chitinophagaceae","Unassigned","Unassigned","bac","bac_ASV_169"
"bac_ASV_17","bac","Bacteria","Proteobacteria","Alphaproteobacteria","Sphingomonadales","Sphingomonadaceae","Sphingomonas","Unassigned","bac","bac_ASV_17"
"bac_ASV_170","bac","Bacteria","Acidobacteria","Acidobacteria_Gp6","Unassigned","Unassigned","Gp6","Unassigned","bac","bac_ASV_170"
"bac_ASV_1709","bac","Bacteria","Proteobacteria","Alphaproteobacteria","Sphingomonadales","Sphingomonadaceae","Sphingomonas","Unassigned","bac","bac_ASV_1709"
"bac_ASV_171","bac","Bacteria","Acidobacteria","Acidobacteria_Gp1","Unassigned","Unassigned","Gp1","Unassigned","bac","bac_ASV_171"
"bac_ASV_1722","bac","Bacteria","Acidobacteria","Acidobacteria_Gp7","Unassigned","Unassigned","Gp7","Unassigned","bac","bac_ASV_1722"
"bac_ASV_173","bac","Bacteria","Proteobacteria","Betaproteobacteria","Unassigned","Unassigned","Unassigned","Unassigned","bac","bac_ASV_173"
"bac_ASV_174","bac","Bacteria","Proteobacteria","Betaproteobacteria","Burkholderiales","Comamonadaceae","Ramlibacter","Unassigned","bac","bac_ASV_174"
"bac_ASV_178","bac","Bacteria","Proteobacteria","Alphaproteobacteria","Rhizobiales","Unassigned","Unassigned","Unassigned","bac","bac_ASV_178"
"bac_ASV_179","bac","Bacteria","candidate_division_WPS-1","Unassigned","Unassigned","Unassigned","WPS-1_genera_incertae_sedis","Unassigned","bac","bac_ASV_179"
"bac_ASV_18","bac","Bacteria","Proteobacteria","Gammaproteobacteria","Xanthomonadales","Sinobacteraceae","Steroidobacter","Unassigned","bac","bac_ASV_18"
"bac_ASV_180","bac","Bacteria","Proteobacteria","Alphaproteobacteria","Sphingomonadales","Sphingomonadaceae","Novosphingobium","Unassigned","bac","bac_ASV_180"
"bac_ASV_182","bac","Bacteria","Proteobacteria","Betaproteobacteria","Unassigned","Unassigned","Unassigned","Unassigned","bac","bac_ASV_182"
"bac_ASV_183","bac","Bacteria","Unassigned","Unassigned","Unassigned","Unassigned","Unassigned","Unassigned","bac","bac_ASV_183"
"bac_ASV_1835","bac","Bacteria","Unassigned","Unassigned","Unassigned","Unassigned","Unassigned","Unassigned","bac","bac_ASV_1835"
"bac_ASV_1841","bac","Bacteria","Bacteroidetes","Sphingobacteriia","Sphingobacteriales","Chitinophagaceae","Terrimonas","Unassigned","bac","bac_ASV_1841"
"bac_ASV_185","bac","Bacteria","Proteobacteria","Betaproteobacteria","Burkholderiales","Burkholderiaceae","Burkholderia","Unassigned","bac","bac_ASV_185"
"bac_ASV_186","bac","Bacteria","Acidobacteria","Acidobacteria_Gp1","Unassigned","Unassigned","Gp1","Unassigned","bac","bac_ASV_186"
"bac_ASV_187","bac","Bacteria","Verrucomicrobia","Subdivision3","Unassigned","Unassigned","Subdivision3_genera_incertae_sedis","Unassigned","bac","bac_ASV_187"
"bac_ASV_188","bac","Bacteria","Bacteroidetes","Cytophagia","Cytophagales","Unassigned","Chryseolinea","Chryseolinea_serpens","bac","bac_ASV_188"
"bac_ASV_189","bac","Bacteria","Proteobacteria","Alphaproteobacteria","Rhizobiales","Unassigned","Unassigned","Unassigned","bac","bac_ASV_189"
"bac_ASV_19","bac","Bacteria","Acidobacteria","Acidobacteria_Gp1","Unassigned","Unassigned","Telmatobacter","Telmatobacter_bradus","bac","bac_ASV_19"
"bac_ASV_190","bac","Bacteria","Unassigned","Unassigned","Unassigned","Unassigned","Unassigned","Unassigned","bac","bac_ASV_190"
"bac_ASV_191","bac","Bacteria","Proteobacteria","Betaproteobacteria","Burkholderiales","Comamonadaceae","Unassigned","Unassigned","bac","bac_ASV_191"
"bac_ASV_192","bac","Bacteria","Bacteroidetes","Sphingobacteriia","Sphingobacteriales","Chitinophagaceae","Niastella","Niastella_yeongjuensis","bac","bac_ASV_192"
"bac_ASV_193","bac","Bacteria","Proteobacteria","Alphaproteobacteria","Rhodospirillales","Unassigned","Reyranella","Unassigned","bac","bac_ASV_193"
"bac_ASV_1938","bac","Bacteria","Proteobacteria","Betaproteobacteria","Burkholderiales","Oxalobacteraceae","Herminiimonas","Herminiimonas_glaciei","bac","bac_ASV_1938"
"bac_ASV_194","bac","Bacteria","Proteobacteria","Alphaproteobacteria","Rhizobiales","Unassigned","Unassigned","Unassigned","bac","bac_ASV_194"
"bac_ASV_196","bac","Bacteria","Proteobacteria","Deltaproteobacteria","Desulfuromonadales","Geobacteraceae","Geobacter","Unassigned","bac","bac_ASV_196"
"bac_ASV_197","bac","Bacteria","Verrucomicrobia","Subdivision3","Unassigned","Unassigned","Subdivision3_genera_incertae_sedis","Unassigned","bac","bac_ASV_197"
"bac_ASV_199","bac","Bacteria","Proteobacteria","Betaproteobacteria","Burkholderiales","Burkholderiaceae","Burkholderia","Unassigned","bac","bac_ASV_199"
"bac_ASV_2","bac","Bacteria","Proteobacteria","Gammaproteobacteria","Unassigned","Unassigned","Unassigned","Unassigned","bac","bac_ASV_2"
"bac_ASV_20","bac","Bacteria","Proteobacteria","Alphaproteobacteria","Sphingomonadales","Sphingomonadaceae","Sphingomonas","Sphingomonas_jaspsi","bac","bac_ASV_20"
"bac_ASV_200","bac","Bacteria","Acidobacteria","Acidobacteria_Gp10","Unassigned","Unassigned","Gp10","Unassigned","bac","bac_ASV_200"
"bac_ASV_201","bac","Bacteria","Unassigned","Unassigned","Unassigned","Unassigned","Unassigned","Unassigned","bac","bac_ASV_201"
"bac_ASV_202","bac","Bacteria","Verrucomicrobia","Spartobacteria","Unassigned","Unassigned","Spartobacteria_genera_incertae_sedis","Unassigned","bac","bac_ASV_202"
"bac_ASV_204","bac","Bacteria","Acidobacteria","Acidobacteria_Gp1","Unassigned","Unassigned","Gp1","Unassigned","bac","bac_ASV_204"
"bac_ASV_205","bac","Bacteria","Acidobacteria","Acidobacteria_Gp3","Unassigned","Unassigned","Gp3","Unassigned","bac","bac_ASV_205"
"bac_ASV_206","bac","Bacteria","Acidobacteria","Acidobacteria_Gp1","Unassigned","Unassigned","Gp1","Unassigned","bac","bac_ASV_206"
"bac_ASV_207","bac","Bacteria","Proteobacteria","Alphaproteobacteria","Rhizobiales","Bradyrhizobiaceae","Unassigned","Unassigned","bac","bac_ASV_207"
"bac_ASV_208","bac","Bacteria","Gemmatimonadetes","Gemmatimonadetes","Gemmatimonadales","Gemmatimonadaceae","Gemmatimonas","Gemmatimonas_aurantiaca","bac","bac_ASV_208"
"bac_ASV_21","bac","Archaea","Thaumarchaeota","Unassigned","Nitrososphaerales","Nitrososphaeraceae","Nitrososphaera","Unassigned","bac","bac_ASV_21"
"bac_ASV_210","bac","Bacteria","Actinobacteria","Actinobacteria","Gaiellales","Gaiellaceae","Gaiella","Gaiella_occulta","bac","bac_ASV_210"
"bac_ASV_211","bac","Bacteria","Bacteroidetes","Sphingobacteriia","Sphingobacteriales","Chitinophagaceae","Niastella","Niastella_koreensis","bac","bac_ASV_211"
"bac_ASV_213","bac","Bacteria","Bacteroidetes","Unassigned","Unassigned","Unassigned","Unassigned","Unassigned","bac","bac_ASV_213"
"bac_ASV_214","bac","Bacteria","Planctomycetes","Planctomycetia","Planctomycetales","Planctomycetaceae","Unassigned","Unassigned","bac","bac_ASV_214"
"bac_ASV_217","bac","Bacteria","Proteobacteria","Betaproteobacteria","Neisseriales","Neisseriaceae","Crenobacter","Crenobacter_luteus","bac","bac_ASV_217"
"bac_ASV_218","bac","Bacteria","Gemmatimonadetes","Gemmatimonadetes","Gemmatimonadales","Gemmatimonadaceae","Gemmatimonas","Gemmatimonas_aurantiaca","bac","bac_ASV_218"
"bac_ASV_219","bac","Bacteria","Gemmatimonadetes","Gemmatimonadetes","Gemmatimonadales","Gemmatimonadaceae","Gemmatimonas","Gemmatimonas_aurantiaca","bac","bac_ASV_219"
"bac_ASV_22","bac","Bacteria","Nitrospirae","Nitrospira","Nitrospirales","Nitrospiraceae","Nitrospira","Unassigned","bac","bac_ASV_22"
"bac_ASV_220","bac","Bacteria","Bacteroidetes","Sphingobacteriia","Sphingobacteriales","Chitinophagaceae","Niastella","Niastella_populi","bac","bac_ASV_220"
"bac_ASV_221","bac","Bacteria","Verrucomicrobia","Subdivision3","Unassigned","Unassigned","Subdivision3_genera_incertae_sedis","Unassigned","bac","bac_ASV_221"
"bac_ASV_222","bac","Unassigned","Unassigned","Unassigned","Unassigned","Unassigned","Unassigned","Unassigned","bac","bac_ASV_222"
"bac_ASV_223","bac","Bacteria","Unassigned","Unassigned","Unassigned","Unassigned","Unassigned","Unassigned","bac","bac_ASV_223"
"bac_ASV_224","bac","Bacteria","Gemmatimonadetes","Gemmatimonadetes","Gemmatimonadales","Gemmatimonadaceae","Gemmatimonas","Gemmatimonas_aurantiaca","bac","bac_ASV_224"
"bac_ASV_226","bac","Bacteria","Actinobacteria","Actinobacteria","Actinomycetales","Micrococcaceae","Arthrobacter","Arthrobacter_ramosus","bac","bac_ASV_226"
"bac_ASV_227","bac","Archaea","Thaumarchaeota","Unassigned","Nitrosopumilales","Nitrosopumilaceae","Nitrosopumilus","Unassigned","bac","bac_ASV_227"
"bac_ASV_228","bac","Bacteria","Proteobacteria","Alphaproteobacteria","Rhodospirillales","Rhodospirillaceae","Dongia","Unassigned","bac","bac_ASV_228"
"bac_ASV_229","bac","Bacteria","Gemmatimonadetes","Gemmatimonadetes","Gemmatimonadales","Gemmatimonadaceae","Gemmatimonas","Gemmatimonas_aurantiaca","bac","bac_ASV_229"
"bac_ASV_23","bac","Bacteria","Proteobacteria","Gammaproteobacteria","Xanthomonadales","Xanthomonadaceae","Unassigned","Unassigned","bac","bac_ASV_23"
"bac_ASV_230","bac","Bacteria","Proteobacteria","Betaproteobacteria","Burkholderiales","Burkholderiaceae","Burkholderia","Unassigned","bac","bac_ASV_230"
"bac_ASV_232","bac","Bacteria","Unassigned","Unassigned","Unassigned","Unassigned","Unassigned","Unassigned","bac","bac_ASV_232"
"bac_ASV_235","bac","Bacteria","Unassigned","Unassigned","Unassigned","Unassigned","Unassigned","Unassigned","bac","bac_ASV_235"
"bac_ASV_239","bac","Bacteria","Proteobacteria","Alphaproteobacteria","Rhizobiales","Xanthobacteraceae","Pseudolabrys","Pseudolabrys_taiwanensis","bac","bac_ASV_239"
"bac_ASV_24","bac","Bacteria","Unassigned","Unassigned","Unassigned","Unassigned","Unassigned","Unassigned","bac","bac_ASV_24"
"bac_ASV_240","bac","Bacteria","Actinobacteria","Actinobacteria","Gaiellales","Gaiellaceae","Gaiella","Gaiella_occulta","bac","bac_ASV_240"
"bac_ASV_242","bac","Bacteria","Proteobacteria","Gammaproteobacteria","Xanthomonadales","Xanthomonadaceae","Dokdonella","Dokdonella_fugitiva","bac","bac_ASV_242"
"bac_ASV_244","bac","Bacteria","Proteobacteria","Gammaproteobacteria","Unassigned","Unassigned","Unassigned","Unassigned","bac","bac_ASV_244"
"bac_ASV_245","bac","Bacteria","Proteobacteria","Alphaproteobacteria","Rhizobiales","Bradyrhizobiaceae","Bradyrhizobium","Unassigned","bac","bac_ASV_245"
"bac_ASV_246","bac","Bacteria","Proteobacteria","Betaproteobacteria","Neisseriales","Neisseriaceae","Unassigned","Unassigned","bac","bac_ASV_246"
"bac_ASV_247","bac","Bacteria","Acidobacteria","Acidobacteria_Gp3","Unassigned","Unassigned","Gp3","Unassigned","bac","bac_ASV_247"
"bac_ASV_248","bac","Bacteria","Acidobacteria","Acidobacteria_Gp15","Unassigned","Unassigned","Gp15","Unassigned","bac","bac_ASV_248"
"bac_ASV_249","bac","Bacteria","Proteobacteria","Alphaproteobacteria","Sphingomonadales","Sphingomonadaceae","Sphingomonas","Unassigned","bac","bac_ASV_249"
"bac_ASV_25","bac","Bacteria","Proteobacteria","Betaproteobacteria","Unassigned","Unassigned","Unassigned","Unassigned","bac","bac_ASV_25"
"bac_ASV_252","bac","Bacteria","Acidobacteria","Acidobacteria_Gp1","Unassigned","Unassigned","Gp1","Unassigned","bac","bac_ASV_252"
"bac_ASV_253","bac","Bacteria","Proteobacteria","Gammaproteobacteria","Pseudomonadales","Pseudomonadaceae","Pseudomonas","Pseudomonas_granadensis","bac","bac_ASV_253"
"bac_ASV_255","bac","Bacteria","Candidatus_Saccharibacteria","Unassigned","Unassigned","Unassigned","Saccharibacteria_genera_incertae_sedis","Unassigned","bac","bac_ASV_255"
"bac_ASV_258","bac","Bacteria","Proteobacteria","Deltaproteobacteria","Myxococcales","Haliangiaceae","Haliangium","Unassigned","bac","bac_ASV_258"
"bac_ASV_26","bac","Bacteria","candidate_division_WPS-1","Unassigned","Unassigned","Unassigned","WPS-1_genera_incertae_sedis","Unassigned","bac","bac_ASV_26"
"bac_ASV_262","bac","Bacteria","Planctomycetes","Planctomycetia","Planctomycetales","Planctomycetaceae","Unassigned","Unassigned","bac","bac_ASV_262"
"bac_ASV_263","bac","Bacteria","Acidobacteria","Acidobacteria_Gp6","Unassigned","Unassigned","Gp6","Unassigned","bac","bac_ASV_263"
"bac_ASV_265","bac","Bacteria","Unassigned","Unassigned","Unassigned","Unassigned","Unassigned","Unassigned","bac","bac_ASV_265"
"bac_ASV_266","bac","Bacteria","Unassigned","Unassigned","Unassigned","Unassigned","Unassigned","Unassigned","bac","bac_ASV_266"
"bac_ASV_267","bac","Bacteria","Verrucomicrobia","Spartobacteria","Unassigned","Unassigned","Spartobacteria_genera_incertae_sedis","Unassigned","bac","bac_ASV_267"
"bac_ASV_268","bac","Bacteria","Proteobacteria","Betaproteobacteria","Unassigned","Unassigned","Unassigned","Unassigned","bac","bac_ASV_268"
"bac_ASV_27","bac","Bacteria","Acidobacteria","Acidobacteria_Gp1","Unassigned","Unassigned","Gp1","Unassigned","bac","bac_ASV_27"
"bac_ASV_272","bac","Bacteria","Bacteroidetes","Sphingobacteriia","Sphingobacteriales","Chitinophagaceae","Sediminibacterium","Unassigned","bac","bac_ASV_272"
"bac_ASV_273","bac","Bacteria","Firmicutes","Bacilli","Bacillales","Bacillaceae_1","Bacillus","Bacillus_qingshengii","bac","bac_ASV_273"
"bac_ASV_276","bac","Bacteria","Proteobacteria","Betaproteobacteria","Burkholderiales","Burkholderiaceae","Burkholderia","Unassigned","bac","bac_ASV_276"
"bac_ASV_277","bac","Bacteria","Proteobacteria","Alphaproteobacteria","Rhodospirillales","Rhodospirillaceae","Unassigned","Unassigned","bac","bac_ASV_277"
"bac_ASV_278","bac","Unassigned","Unassigned","Unassigned","Unassigned","Unassigned","Unassigned","Unassigned","bac","bac_ASV_278"
"bac_ASV_279","bac","Bacteria","Proteobacteria","Gammaproteobacteria","Xanthomonadales","Sinobacteraceae","Povalibacter","Povalibacter_uvarum","bac","bac_ASV_279"
"bac_ASV_28","bac","Bacteria","Proteobacteria","Alphaproteobacteria","Rhizobiales","Unassigned","Unassigned","Unassigned","bac","bac_ASV_28"
"bac_ASV_280","bac","Bacteria","Acidobacteria","Acidobacteria_Gp1","Unassigned","Unassigned","Gp1","Unassigned","bac","bac_ASV_280"
"bac_ASV_282","bac","Bacteria","Bacteroidetes","Cytophagia","Cytophagales","Unassigned","Chryseolinea","Chryseolinea_serpens","bac","bac_ASV_282"
"bac_ASV_283","bac","Bacteria","Proteobacteria","Betaproteobacteria","Burkholderiales","Burkholderiales_incertae_sedis","Unassigned","Unassigned","bac","bac_ASV_283"
"bac_ASV_284","bac","Bacteria","Proteobacteria","Alphaproteobacteria","Rhizobiales","Hyphomicrobiaceae","Unassigned","Unassigned","bac","bac_ASV_284"
"bac_ASV_286","bac","Bacteria","Proteobacteria","Deltaproteobacteria","Myxococcales","Cystobacteraceae","Cystobacter","Unassigned","bac","bac_ASV_286"
"bac_ASV_288","bac","Bacteria","Actinobacteria","Actinobacteria","Actinomycetales","Streptomycetaceae","Streptomyces","Unassigned","bac","bac_ASV_288"
"bac_ASV_29","bac","Bacteria","Acidobacteria","Acidobacteria_Gp13","Unassigned","Unassigned","Gp13","Unassigned","bac","bac_ASV_29"
"bac_ASV_290","bac","Bacteria","Proteobacteria","Alphaproteobacteria","Unassigned","Unassigned","Unassigned","Unassigned","bac","bac_ASV_290"
"bac_ASV_291","bac","Bacteria","Bacteroidetes","Sphingobacteriia","Sphingobacteriales","Chitinophagaceae","Flavisolibacter","Flavisolibacter_ginsengisoli","bac","bac_ASV_291"
"bac_ASV_292","bac","Bacteria","Bacteroidetes","Sphingobacteriia","Sphingobacteriales","Chitinophagaceae","Flavisolibacter","Flavisolibacter_ginsengisoli","bac","bac_ASV_292"
"bac_ASV_293","bac","Bacteria","Proteobacteria","Alphaproteobacteria","Rhizobiales","Unassigned","Unassigned","Unassigned","bac","bac_ASV_293"
"bac_ASV_294","bac","Bacteria","Gemmatimonadetes","Gemmatimonadetes","Gemmatimonadales","Gemmatimonadaceae","Gemmatimonas","Gemmatimonas_aurantiaca","bac","bac_ASV_294"
"bac_ASV_296","bac","Archaea","Thaumarchaeota","Unassigned","Nitrososphaerales","Nitrososphaeraceae","Nitrososphaera","Unassigned","bac","bac_ASV_296"
"bac_ASV_297","bac","Bacteria","Proteobacteria","Alphaproteobacteria","Sphingomonadales","Sphingomonadaceae","Unassigned","Unassigned","bac","bac_ASV_297"
"bac_ASV_298","bac","Bacteria","Proteobacteria","Betaproteobacteria","Unassigned","Unassigned","Unassigned","Unassigned","bac","bac_ASV_298"
"bac_ASV_299","bac","Bacteria","Proteobacteria","Alphaproteobacteria","Sphingomonadales","Sphingomonadaceae","Novosphingobium","Novosphingobium_lentum","bac","bac_ASV_299"
"bac_ASV_3","bac","Bacteria","Proteobacteria","Betaproteobacteria","Burkholderiales","Burkholderiaceae","Burkholderia","Burkholderia_soli","bac","bac_ASV_3"
"bac_ASV_30","bac","Bacteria","Acidobacteria","Acidobacteria_Gp3","Unassigned","Unassigned","Gp3","Unassigned","bac","bac_ASV_30"
"bac_ASV_300","bac","Bacteria","Proteobacteria","Alphaproteobacteria","Unassigned","Unassigned","Unassigned","Unassigned","bac","bac_ASV_300"
"bac_ASV_301","bac","Bacteria","Proteobacteria","Betaproteobacteria","Burkholderiales","Burkholderiaceae","Cupriavidus","Cupriavidus_necator","bac","bac_ASV_301"
"bac_ASV_302","bac","Bacteria","Proteobacteria","Alphaproteobacteria","Rhodospirillales","Rhodospirillaceae","Dongia","Dongia_rigui","bac","bac_ASV_302"
"bac_ASV_304","bac","Bacteria","Proteobacteria","Alphaproteobacteria","Rhizobiales","Unassigned","Unassigned","Unassigned","bac","bac_ASV_304"
"bac_ASV_305","bac","Bacteria","Acidobacteria","Acidobacteria_Gp3","Unassigned","Unassigned","Gp3","Unassigned","bac","bac_ASV_305"
"bac_ASV_307","bac","Bacteria","Unassigned","Unassigned","Unassigned","Unassigned","Unassigned","Unassigned","bac","bac_ASV_307"
"bac_ASV_308","bac","Bacteria","Acidobacteria","Acidobacteria_Gp1","Unassigned","Unassigned","Gp1","Unassigned","bac","bac_ASV_308"
"bac_ASV_309","bac","Bacteria","Acidobacteria","Acidobacteria_Gp2","Unassigned","Unassigned","Gp2","Unassigned","bac","bac_ASV_309"
"bac_ASV_31","bac","Bacteria","Proteobacteria","Alphaproteobacteria","Rhizobiales","Bradyrhizobiaceae","Bradyrhizobium","Bradyrhizobium_daqingense","bac","bac_ASV_31"
"bac_ASV_310","bac","Bacteria","Proteobacteria","Betaproteobacteria","Unassigned","Unassigned","Unassigned","Unassigned","bac","bac_ASV_310"
"bac_ASV_312","bac","Bacteria","Proteobacteria","Gammaproteobacteria","Enterobacteriales","Enterobacteriaceae","Unassigned","Unassigned","bac","bac_ASV_312"
"bac_ASV_313","bac","Bacteria","Acidobacteria","Acidobacteria_Gp6","Unassigned","Unassigned","Gp6","Unassigned","bac","bac_ASV_313"
"bac_ASV_314","bac","Bacteria","Planctomycetes","Planctomycetia","Planctomycetales","Planctomycetaceae","Pirellula","Pirellula_staleyi","bac","bac_ASV_314"
"bac_ASV_316","bac","Bacteria","Acidobacteria","Acidobacteria_Gp6","Unassigned","Unassigned","Gp6","Unassigned","bac","bac_ASV_316"
"bac_ASV_318","bac","Bacteria","Proteobacteria","Gammaproteobacteria","Chromatiales","Unassigned","Unassigned","Unassigned","bac","bac_ASV_318"
"bac_ASV_32","bac","Bacteria","Proteobacteria","Alphaproteobacteria","Rhizobiales","Bradyrhizobiaceae","Bradyrhizobium","Unassigned","bac","bac_ASV_32"
"bac_ASV_320","bac","Unassigned","Unassigned","Unassigned","Unassigned","Unassigned","Unassigned","Unassigned","bac","bac_ASV_320"
"bac_ASV_322","bac","Bacteria","Acidobacteria","Acidobacteria_Gp3","Unassigned","Unassigned","Gp3","Unassigned","bac","bac_ASV_322"
"bac_ASV_323","bac","Bacteria","Proteobacteria","Alphaproteobacteria","Rhizobiales","Unassigned","Unassigned","Unassigned","bac","bac_ASV_323"
"bac_ASV_324","bac","Bacteria","Acidobacteria","Acidobacteria_Gp6","Unassigned","Unassigned","Gp6","Unassigned","bac","bac_ASV_324"
"bac_ASV_326","bac","Bacteria","Chlamydiae","Chlamydiia","Chlamydiales","Parachlamydiaceae","Unassigned","Unassigned","bac","bac_ASV_326"
"bac_ASV_327","bac","Bacteria","Proteobacteria","Alphaproteobacteria","Rhodospirillales","Rhodospirillaceae","Unassigned","Unassigned","bac","bac_ASV_327"
"bac_ASV_328","bac","Bacteria","Unassigned","Unassigned","Unassigned","Unassigned","Unassigned","Unassigned","bac","bac_ASV_328"
"bac_ASV_329","bac","Bacteria","Gemmatimonadetes","Gemmatimonadetes","Gemmatimonadales","Gemmatimonadaceae","Gemmatimonas","Gemmatimonas_aurantiaca","bac","bac_ASV_329"
"bac_ASV_33","bac","Bacteria","Proteobacteria","Alphaproteobacteria","Rhizobiales","Unassigned","Unassigned","Unassigned","bac","bac_ASV_33"
"bac_ASV_332","bac","Bacteria","Proteobacteria","Alphaproteobacteria","Unassigned","Unassigned","Unassigned","Unassigned","bac","bac_ASV_332"
"bac_ASV_334","bac","Bacteria","Proteobacteria","Alphaproteobacteria","Rhizobiales","Hyphomicrobiaceae","Rhodoplanes","Unassigned","bac","bac_ASV_334"
"bac_ASV_336","bac","Bacteria","Proteobacteria","Gammaproteobacteria","Unassigned","Unassigned","Unassigned","Unassigned","bac","bac_ASV_336"
"bac_ASV_338","bac","Bacteria","Proteobacteria","Betaproteobacteria","Burkholderiales","Burkholderiaceae","Unassigned","Unassigned","bac","bac_ASV_338"
"bac_ASV_339","bac","Bacteria","Proteobacteria","Deltaproteobacteria","Myxococcales","Polyangiaceae","Chondromyces","Unassigned","bac","bac_ASV_339"
"bac_ASV_34","bac","Bacteria","Proteobacteria","Gammaproteobacteria","Xanthomonadales","Xanthomonadaceae","Unassigned","Unassigned","bac","bac_ASV_34"
"bac_ASV_341","bac","Bacteria","Acidobacteria","Acidobacteria_Gp1","Unassigned","Unassigned","Gp1","Unassigned","bac","bac_ASV_341"
"bac_ASV_342","bac","Bacteria","Proteobacteria","Gammaproteobacteria","Unassigned","Unassigned","Unassigned","Unassigned","bac","bac_ASV_342"
"bac_ASV_345","bac","Bacteria","Proteobacteria","Betaproteobacteria","Unassigned","Unassigned","Unassigned","Unassigned","bac","bac_ASV_345"
"bac_ASV_346","bac","Bacteria","Proteobacteria","Betaproteobacteria","Rhodocyclales","Rhodocyclaceae","Methyloversatilis","Unassigned","bac","bac_ASV_346"
"bac_ASV_347","bac","Bacteria","Proteobacteria","Alphaproteobacteria","Rhizobiales","Xanthobacteraceae","Pseudolabrys","Pseudolabrys_taiwanensis","bac","bac_ASV_347"
"bac_ASV_348","bac","Bacteria","Acidobacteria","Acidobacteria_Gp1","Unassigned","Unassigned","Gp1","Unassigned","bac","bac_ASV_348"
"bac_ASV_35","bac","Bacteria","Proteobacteria","Betaproteobacteria","Burkholderiales","Burkholderiaceae","Burkholderia","Burkholderia_caribensis","bac","bac_ASV_35"
"bac_ASV_350","bac","Bacteria","Acidobacteria","Acidobacteria_Gp1","Unassigned","Unassigned","Gp1","Unassigned","bac","bac_ASV_350"
"bac_ASV_352","bac","Bacteria","Unassigned","Unassigned","Unassigned","Unassigned","Unassigned","Unassigned","bac","bac_ASV_352"
"bac_ASV_356","bac","Bacteria","Acidobacteria","Acidobacteria_Gp1","Unassigned","Unassigned","Gp1","Unassigned","bac","bac_ASV_356"
"bac_ASV_358","bac","Bacteria","Proteobacteria","Alphaproteobacteria","Caulobacterales","Caulobacteraceae","Phenylobacterium","Phenylobacterium_lituiforme","bac","bac_ASV_358"
"bac_ASV_359","bac","Bacteria","Proteobacteria","Betaproteobacteria","Neisseriales","Neisseriaceae","Pseudogulbenkiania","Pseudogulbenkiania_gefcensis","bac","bac_ASV_359"
"bac_ASV_36","bac","Bacteria","Proteobacteria","Alphaproteobacteria","Sphingomonadales","Sphingomonadaceae","Sphingomonas","Unassigned","bac","bac_ASV_36"
"bac_ASV_361","bac","Unassigned","Unassigned","Unassigned","Unassigned","Unassigned","Unassigned","Unassigned","bac","bac_ASV_361"
"bac_ASV_362","bac","Bacteria","Proteobacteria","Gammaproteobacteria","Xanthomonadales","Xanthomonadaceae","Unassigned","Unassigned","bac","bac_ASV_362"
"bac_ASV_363","bac","Bacteria","Proteobacteria","Alphaproteobacteria","Sphingomonadales","Sphingomonadaceae","Unassigned","Unassigned","bac","bac_ASV_363"
"bac_ASV_364","bac","Bacteria","Unassigned","Unassigned","Unassigned","Unassigned","Unassigned","Unassigned","bac","bac_ASV_364"
"bac_ASV_366","bac","Bacteria","Acidobacteria","Acidobacteria_Gp1","Unassigned","Unassigned","Unassigned","Unassigned","bac","bac_ASV_366"
"bac_ASV_367","bac","Bacteria","Acidobacteria","Acidobacteria_Gp6","Unassigned","Unassigned","Gp6","Unassigned","bac","bac_ASV_367"
"bac_ASV_368","bac","Bacteria","Proteobacteria","Alphaproteobacteria","Rhodospirillales","Rhodospirillaceae","Unassigned","Unassigned","bac","bac_ASV_368"
"bac_ASV_369","bac","Bacteria","Verrucomicrobia","Spartobacteria","Unassigned","Unassigned","Spartobacteria_genera_incertae_sedis","Unassigned","bac","bac_ASV_369"
"bac_ASV_370","bac","Bacteria","Proteobacteria","Alphaproteobacteria","Rhodospirillales","Rhodospirillaceae","Unassigned","Unassigned","bac","bac_ASV_370"
"bac_ASV_372","bac","Bacteria","Acidobacteria","Acidobacteria_Gp1","Unassigned","Unassigned","Gp1","Unassigned","bac","bac_ASV_372"
"bac_ASV_373","bac","Bacteria","Proteobacteria","Deltaproteobacteria","Myxococcales","Unassigned","Unassigned","Unassigned","bac","bac_ASV_373"
"bac_ASV_375","bac","Bacteria","Proteobacteria","Betaproteobacteria","Burkholderiales","Comamonadaceae","Unassigned","Unassigned","bac","bac_ASV_375"
"bac_ASV_376","bac","Bacteria","Proteobacteria","Gammaproteobacteria","Pseudomonadales","Pseudomonadaceae","Pseudomonas","Pseudomonas_panipatensis","bac","bac_ASV_376"
"bac_ASV_377","bac","Bacteria","Proteobacteria","Alphaproteobacteria","Rhizobiales","Unassigned","Unassigned","Unassigned","bac","bac_ASV_377"
"bac_ASV_378","bac","Bacteria","Unassigned","Unassigned","Unassigned","Unassigned","Unassigned","Unassigned","bac","bac_ASV_378"
"bac_ASV_38","bac","Bacteria","Proteobacteria","Alphaproteobacteria","Rhizobiales","Phyllobacteriaceae","Mesorhizobium","Mesorhizobium_silamurunense","bac","bac_ASV_38"
"bac_ASV_380","bac","Bacteria","Proteobacteria","Gammaproteobacteria","Unassigned","Unassigned","Unassigned","Unassigned","bac","bac_ASV_380"
"bac_ASV_381","bac","Bacteria","Proteobacteria","Betaproteobacteria","Unassigned","Unassigned","Unassigned","Unassigned","bac","bac_ASV_381"
"bac_ASV_384","bac","Bacteria","Acidobacteria","Acidobacteria_Gp2","Unassigned","Unassigned","Gp2","Unassigned","bac","bac_ASV_384"
"bac_ASV_386","bac","Bacteria","Proteobacteria","Betaproteobacteria","Burkholderiales","Oxalobacteraceae","Herbaspirillum","Herbaspirillum_aquaticum","bac","bac_ASV_386"
"bac_ASV_387","bac","Bacteria","Bacteroidetes","Sphingobacteriia","Sphingobacteriales","Unassigned","Unassigned","Unassigned","bac","bac_ASV_387"
"bac_ASV_388","bac","Bacteria","Acidobacteria","Acidobacteria_Gp1","Unassigned","Unassigned","Unassigned","Unassigned","bac","bac_ASV_388"
"bac_ASV_389","bac","Bacteria","Firmicutes","Unassigned","Unassigned","Unassigned","Unassigned","Unassigned","bac","bac_ASV_389"
"bac_ASV_39","bac","Bacteria","Proteobacteria","Betaproteobacteria","Unassigned","Unassigned","Unassigned","Unassigned","bac","bac_ASV_39"
"bac_ASV_390","bac","Bacteria","Proteobacteria","Alphaproteobacteria","Sphingomonadales","Sphingomonadaceae","Sphingomonas","Unassigned","bac","bac_ASV_390"
"bac_ASV_394","bac","Bacteria","Verrucomicrobia","Spartobacteria","Unassigned","Unassigned","Spartobacteria_genera_incertae_sedis","Unassigned","bac","bac_ASV_394"
"bac_ASV_397","bac","Bacteria","Proteobacteria","Alphaproteobacteria","Unassigned","Unassigned","Unassigned","Unassigned","bac","bac_ASV_397"
"bac_ASV_398","bac","Bacteria","Acidobacteria","Acidobacteria_Gp3","Unassigned","Unassigned","Gp3","Unassigned","bac","bac_ASV_398"
"bac_ASV_399","bac","Bacteria","Proteobacteria","Alphaproteobacteria","Unassigned","Unassigned","Unassigned","Unassigned","bac","bac_ASV_399"
"bac_ASV_4","bac","Bacteria","Proteobacteria","Alphaproteobacteria","Rhodospirillales","Acetobacteraceae","Acidocella","Unassigned","bac","bac_ASV_4"
"bac_ASV_40","bac","Bacteria","Proteobacteria","Betaproteobacteria","Unassigned","Unassigned","Unassigned","Unassigned","bac","bac_ASV_40"
"bac_ASV_400","bac","Bacteria","Proteobacteria","Gammaproteobacteria","Pseudomonadales","Pseudomonadaceae","Pseudomonas","Pseudomonas_composti","bac","bac_ASV_400"
"bac_ASV_403","bac","Bacteria","Acidobacteria","Acidobacteria_Gp16","Unassigned","Unassigned","Gp16","Unassigned","bac","bac_ASV_403"
"bac_ASV_404","bac","Bacteria","Proteobacteria","Alphaproteobacteria","Rhizobiales","Xanthobacteraceae","Pseudolabrys","Pseudolabrys_taiwanensis","bac","bac_ASV_404"
"bac_ASV_407","bac","Bacteria","Proteobacteria","Gammaproteobacteria","Xanthomonadales","Xanthomonadaceae","Dokdonella","Dokdonella_fugitiva","bac","bac_ASV_407"
"bac_ASV_409","bac","Bacteria","Proteobacteria","Alphaproteobacteria","Sphingomonadales","Sphingomonadaceae","Novosphingobium","Unassigned","bac","bac_ASV_409"
"bac_ASV_41","bac","Bacteria","Proteobacteria","Betaproteobacteria","Unassigned","Unassigned","Unassigned","Unassigned","bac","bac_ASV_41"
"bac_ASV_413","bac","Bacteria","Actinobacteria","Actinobacteria","Gaiellales","Gaiellaceae","Gaiella","Gaiella_occulta","bac","bac_ASV_413"
"bac_ASV_414","bac","Bacteria","Bacteroidetes","Sphingobacteriia","Sphingobacteriales","Unassigned","Unassigned","Unassigned","bac","bac_ASV_414"
"bac_ASV_415","bac","Bacteria","Proteobacteria","Gammaproteobacteria","Xanthomonadales","Sinobacteraceae","Steroidobacter","Unassigned","bac","bac_ASV_415"
"bac_ASV_416","bac","Bacteria","Proteobacteria","Gammaproteobacteria","Legionellales","Coxiellaceae","Aquicella","Aquicella_siphonis","bac","bac_ASV_416"
"bac_ASV_417","bac","Bacteria","Acidobacteria","Acidobacteria_Gp3","Unassigned","Unassigned","Gp3","Unassigned","bac","bac_ASV_417"
"bac_ASV_418","bac","Bacteria","Proteobacteria","Alphaproteobacteria","Alphaproteobacteria_incertae_sedis","Unassigned","Rhizomicrobium","Unassigned","bac","bac_ASV_418"
"bac_ASV_42","bac","Bacteria","Proteobacteria","Gammaproteobacteria","Xanthomonadales","Xanthomonadaceae","Unassigned","Unassigned","bac","bac_ASV_42"
"bac_ASV_420","bac","Bacteria","Proteobacteria","Alphaproteobacteria","Rhizobiales","Unassigned","Unassigned","Unassigned","bac","bac_ASV_420"
"bac_ASV_421","bac","Bacteria","Proteobacteria","Betaproteobacteria","Sulfuricellales","Sulfuricellaceae","Sulfuricella","Sulfuricella_denitrificans","bac","bac_ASV_421"
"bac_ASV_423","bac","Bacteria","Actinobacteria","Actinobacteria","Gaiellales","Gaiellaceae","Gaiella","Gaiella_occulta","bac","bac_ASV_423"
"bac_ASV_424","bac","Bacteria","Proteobacteria","Betaproteobacteria","Burkholderiales","Burkholderiaceae","Cupriavidus","Cupriavidus_oxalaticus","bac","bac_ASV_424"
"bac_ASV_425","bac","Bacteria","Proteobacteria","Alphaproteobacteria","Rhizobiales","Bradyrhizobiaceae","Bradyrhizobium","Unassigned","bac","bac_ASV_425"
"bac_ASV_428","bac","Bacteria","Proteobacteria","Alphaproteobacteria","Rhodospirillales","Rhodospirillaceae","Unassigned","Unassigned","bac","bac_ASV_428"
"bac_ASV_433","bac","Bacteria","Unassigned","Unassigned","Unassigned","Unassigned","Unassigned","Unassigned","bac","bac_ASV_433"
"bac_ASV_44","bac","Bacteria","Acidobacteria","Acidobacteria_Gp6","Unassigned","Unassigned","Gp6","Unassigned","bac","bac_ASV_44"
"bac_ASV_440","bac","Bacteria","Proteobacteria","Gammaproteobacteria","Xanthomonadales","Xanthomonadaceae","Rudaea","Rudaea_cellulosilytica","bac","bac_ASV_440"
"bac_ASV_442","bac","Bacteria","Proteobacteria","Deltaproteobacteria","Desulfuromonadales","Geobacteraceae","Geobacter","Unassigned","bac","bac_ASV_442"
"bac_ASV_445","bac","Bacteria","Proteobacteria","Alphaproteobacteria","Sphingomonadales","Erythrobacteraceae","Altererythrobacter","Unassigned","bac","bac_ASV_445"
"bac_ASV_447","bac","Bacteria","Bacteroidetes","Sphingobacteriia","Sphingobacteriales","Chitinophagaceae","Niastella","Niastella_populi","bac","bac_ASV_447"
"bac_ASV_45","bac","Bacteria","Proteobacteria","Alphaproteobacteria","Rhizobiales","Unassigned","Unassigned","Unassigned","bac","bac_ASV_45"
"bac_ASV_451","bac","Bacteria","Unassigned","Unassigned","Unassigned","Unassigned","Unassigned","Unassigned","bac","bac_ASV_451"
"bac_ASV_454","bac","Bacteria","Acidobacteria","Acidobacteria_Gp6","Unassigned","Unassigned","Gp6","Unassigned","bac","bac_ASV_454"
"bac_ASV_455","bac","Bacteria","Proteobacteria","Betaproteobacteria","Unassigned","Unassigned","Unassigned","Unassigned","bac","bac_ASV_455"
"bac_ASV_456","bac","Bacteria","Proteobacteria","Betaproteobacteria","Rhodocyclales","Rhodocyclaceae","Azonexus","Azonexus_caeni","bac","bac_ASV_456"
"bac_ASV_459","bac","Bacteria","Acidobacteria","Acidobacteria_Gp4","Unassigned","Unassigned","Gp4","Unassigned","bac","bac_ASV_459"
"bac_ASV_46","bac","Bacteria","Proteobacteria","Betaproteobacteria","Burkholderiales","Burkholderiaceae","Burkholderia","Unassigned","bac","bac_ASV_46"
"bac_ASV_460","bac","Bacteria","Proteobacteria","Alphaproteobacteria","Alphaproteobacteria_incertae_sedis","Unassigned","Rhizomicrobium","Unassigned","bac","bac_ASV_460"
"bac_ASV_462","bac","Bacteria","Gemmatimonadetes","Gemmatimonadetes","Gemmatimonadales","Gemmatimonadaceae","Gemmatimonas","Gemmatimonas_aurantiaca","bac","bac_ASV_462"
"bac_ASV_466","bac","Bacteria","Bacteroidetes","Sphingobacteriia","Sphingobacteriales","Chitinophagaceae","Terrimonas","Terrimonas_lutea","bac","bac_ASV_466"
"bac_ASV_468","bac","Bacteria","Acidobacteria","Acidobacteria_Gp17","Unassigned","Unassigned","Gp17","Unassigned","bac","bac_ASV_468"
"bac_ASV_47","bac","Bacteria","Proteobacteria","Betaproteobacteria","Unassigned","Unassigned","Unassigned","Unassigned","bac","bac_ASV_47"
"bac_ASV_471","bac","Bacteria","Planctomycetes","Planctomycetia","Planctomycetales","Planctomycetaceae","Thermogutta","Thermogutta_terrifontis","bac","bac_ASV_471"
"bac_ASV_472","bac","Bacteria","Proteobacteria","Alphaproteobacteria","Unassigned","Unassigned","Unassigned","Unassigned","bac","bac_ASV_472"
"bac_ASV_473","bac","Bacteria","Unassigned","Unassigned","Unassigned","Unassigned","Unassigned","Unassigned","bac","bac_ASV_473"
"bac_ASV_474","bac","Bacteria","Bacteroidetes","Sphingobacteriia","Sphingobacteriales","Chitinophagaceae","Terrimonas","Terrimonas_lutea","bac","bac_ASV_474"
"bac_ASV_476","bac","Bacteria","Acidobacteria","Acidobacteria_Gp3","Unassigned","Unassigned","Gp3","Unassigned","bac","bac_ASV_476"
"bac_ASV_477","bac","Bacteria","Proteobacteria","Alphaproteobacteria","Unassigned","Unassigned","Unassigned","Unassigned","bac","bac_ASV_477"
"bac_ASV_48","bac","Bacteria","Proteobacteria","Alphaproteobacteria","Sphingomonadales","Sphingomonadaceae","Unassigned","Unassigned","bac","bac_ASV_48"
"bac_ASV_484","bac","Bacteria","Verrucomicrobia","Subdivision3","Unassigned","Unassigned","Subdivision3_genera_incertae_sedis","Unassigned","bac","bac_ASV_484"
"bac_ASV_488","bac","Bacteria","Acidobacteria","Acidobacteria_Gp2","Unassigned","Unassigned","Gp2","Unassigned","bac","bac_ASV_488"
"bac_ASV_489","bac","Bacteria","Proteobacteria","Alphaproteobacteria","Caulobacterales","Caulobacteraceae","Phenylobacterium","Unassigned","bac","bac_ASV_489"
"bac_ASV_49","bac","Bacteria","Firmicutes","Bacilli","Bacillales","Bacillaceae_1","Bacillus","Bacillus_vireti","bac","bac_ASV_49"
"bac_ASV_492","bac","Bacteria","Acidobacteria","Acidobacteria_Gp16","Unassigned","Unassigned","Gp16","Unassigned","bac","bac_ASV_492"
"bac_ASV_493","bac","Bacteria","Proteobacteria","Alphaproteobacteria","Rhizobiales","Unassigned","Unassigned","Unassigned","bac","bac_ASV_493"
"bac_ASV_494","bac","Bacteria","Proteobacteria","Alphaproteobacteria","Alphaproteobacteria_incertae_sedis","Unassigned","Rhizomicrobium","Rhizomicrobium_palustre","bac","bac_ASV_494"
"bac_ASV_495","bac","Bacteria","Proteobacteria","Alphaproteobacteria","Unassigned","Unassigned","Unassigned","Unassigned","bac","bac_ASV_495"
"bac_ASV_497","bac","Bacteria","Proteobacteria","Gammaproteobacteria","Unassigned","Unassigned","Unassigned","Unassigned","bac","bac_ASV_497"
"bac_ASV_498","bac","Bacteria","Bacteroidetes","Sphingobacteriia","Sphingobacteriales","Chitinophagaceae","Terrimonas","Terrimonas_arctica","bac","bac_ASV_498"
"bac_ASV_5","bac","Bacteria","Verrucomicrobia","Spartobacteria","Unassigned","Unassigned","Spartobacteria_genera_incertae_sedis","Unassigned","bac","bac_ASV_5"
"bac_ASV_50","bac","Bacteria","Proteobacteria","Alphaproteobacteria","Rhizobiales","Unassigned","Unassigned","Unassigned","bac","bac_ASV_50"
"bac_ASV_502","bac","Archaea","Thaumarchaeota","Unassigned","Nitrososphaerales","Nitrososphaeraceae","Nitrososphaera","Unassigned","bac","bac_ASV_502"
"bac_ASV_503","bac","Bacteria","Proteobacteria","Betaproteobacteria","Burkholderiales","Burkholderiaceae","Burkholderia","Burkholderia_heleia","bac","bac_ASV_503"
"bac_ASV_504","bac","Bacteria","Bacteroidetes","Sphingobacteriia","Sphingobacteriales","Chitinophagaceae","Terrimonas","Terrimonas_rubra","bac","bac_ASV_504"
"bac_ASV_507","bac","Bacteria","Firmicutes","Bacilli","Bacillales","Bacillales_incertae_sedis","Caldalkalibacillus","Caldalkalibacillus_thermarum","bac","bac_ASV_507"
"bac_ASV_508","bac","Bacteria","Unassigned","Unassigned","Unassigned","Unassigned","Unassigned","Unassigned","bac","bac_ASV_508"
"bac_ASV_51","bac","Bacteria","Proteobacteria","Alphaproteobacteria","Sphingomonadales","Sphingomonadaceae","Novosphingobium","Novosphingobium_arabidopsis","bac","bac_ASV_51"
"bac_ASV_513","bac","Unassigned","Unassigned","Unassigned","Unassigned","Unassigned","Unassigned","Unassigned","bac","bac_ASV_513"
"bac_ASV_52","bac","Bacteria","Proteobacteria","Betaproteobacteria","Burkholderiales","Oxalobacteraceae","Pseudoduganella","Pseudoduganella_violaceinigra","bac","bac_ASV_52"
"bac_ASV_521","bac","Bacteria","Proteobacteria","Alphaproteobacteria","Rhodospirillales","Rhodospirillaceae","Desertibacter","Desertibacter_roseus","bac","bac_ASV_521"
"bac_ASV_522","bac","Bacteria","Bacteroidetes","Sphingobacteriia","Sphingobacteriales","Sphingobacteriaceae","Unassigned","Unassigned","bac","bac_ASV_522"
"bac_ASV_524","bac","Bacteria","Acidobacteria","Acidobacteria_Gp4","Unassigned","Unassigned","Gp4","Unassigned","bac","bac_ASV_524"
"bac_ASV_526","bac","Bacteria","Acidobacteria","Acidobacteria_Gp3","Unassigned","Unassigned","Gp3","Unassigned","bac","bac_ASV_526"
"bac_ASV_53","bac","Bacteria","Proteobacteria","Betaproteobacteria","Neisseriales","Neisseriaceae","Unassigned","Unassigned","bac","bac_ASV_53"
"bac_ASV_535","bac","Bacteria","Acidobacteria","Acidobacteria_Gp16","Unassigned","Unassigned","Gp16","Unassigned","bac","bac_ASV_535"
"bac_ASV_536","bac","Bacteria","Firmicutes","Unassigned","Unassigned","Unassigned","Unassigned","Unassigned","bac","bac_ASV_536"
"bac_ASV_54","bac","Bacteria","Proteobacteria","Gammaproteobacteria","Unassigned","Unassigned","Unassigned","Unassigned","bac","bac_ASV_54"
"bac_ASV_540","bac","Bacteria","Bacteroidetes","Unassigned","Unassigned","Unassigned","Unassigned","Unassigned","bac","bac_ASV_540"
"bac_ASV_542","bac","Bacteria","Acidobacteria","Acidobacteria_Gp3","Unassigned","Unassigned","Candidatus_Solibacter","Unassigned","bac","bac_ASV_542"
"bac_ASV_546","bac","Bacteria","Acidobacteria","Acidobacteria_Gp6","Unassigned","Unassigned","Gp6","Unassigned","bac","bac_ASV_546"
"bac_ASV_547","bac","Bacteria","Firmicutes","Bacilli","Bacillales","Bacillales_incertae_sedis","Caldalkalibacillus","Caldalkalibacillus_thermarum","bac","bac_ASV_547"
"bac_ASV_55","bac","Bacteria","Proteobacteria","Alphaproteobacteria","Caulobacterales","Caulobacteraceae","Phenylobacterium","Phenylobacterium_muchangponense","bac","bac_ASV_55"
"bac_ASV_555","bac","Bacteria","Armatimonadetes","Unassigned","Unassigned","Unassigned","Armatimonadetes_gp5","Unassigned","bac","bac_ASV_555"
"bac_ASV_556","bac","Bacteria","Acidobacteria","Acidobacteria_Gp6","Unassigned","Unassigned","Gp6","Unassigned","bac","bac_ASV_556"
"bac_ASV_558","bac","Bacteria","Acidobacteria","Acidobacteria_Gp3","Unassigned","Unassigned","Gp3","Unassigned","bac","bac_ASV_558"
"bac_ASV_562","bac","Bacteria","Proteobacteria","Alphaproteobacteria","Rhizobiales","Unassigned","Unassigned","Unassigned","bac","bac_ASV_562"
"bac_ASV_564","bac","Bacteria","Bacteroidetes","Sphingobacteriia","Sphingobacteriales","Chitinophagaceae","Unassigned","Unassigned","bac","bac_ASV_564"
"bac_ASV_565","bac","Bacteria","Gemmatimonadetes","Gemmatimonadetes","Gemmatimonadales","Gemmatimonadaceae","Gemmatimonas","Gemmatimonas_aurantiaca","bac","bac_ASV_565"
"bac_ASV_568","bac","Bacteria","Proteobacteria","Alphaproteobacteria","Rhodospirillales","Rhodospirillaceae","Unassigned","Unassigned","bac","bac_ASV_568"
"bac_ASV_57","bac","Bacteria","Proteobacteria","Alphaproteobacteria","Rhizobiales","Phyllobacteriaceae","Mesorhizobium","Unassigned","bac","bac_ASV_57"
"bac_ASV_572","bac","Bacteria","Actinobacteria","Actinobacteria","Gaiellales","Gaiellaceae","Gaiella","Gaiella_occulta","bac","bac_ASV_572"
"bac_ASV_573","bac","Bacteria","Acidobacteria","Acidobacteria_Gp4","Unassigned","Unassigned","Gp4","Unassigned","bac","bac_ASV_573"
"bac_ASV_576","bac","Bacteria","Latescibacteria","Unassigned","Unassigned","Unassigned","Latescibacteria_genera_incertae_sedis","Unassigned","bac","bac_ASV_576"
"bac_ASV_58","bac","Bacteria","Proteobacteria","Betaproteobacteria","Unassigned","Unassigned","Unassigned","Unassigned","bac","bac_ASV_58"
"bac_ASV_580","bac","Bacteria","Latescibacteria","Unassigned","Unassigned","Unassigned","Latescibacteria_genera_incertae_sedis","Unassigned","bac","bac_ASV_580"
"bac_ASV_581","bac","Bacteria","Actinobacteria","Actinobacteria","Actinomycetales","Thermomonosporaceae","Actinomadura","Unassigned","bac","bac_ASV_581"
"bac_ASV_587","bac","Bacteria","Bacteroidetes","Sphingobacteriia","Sphingobacteriales","Chitinophagaceae","Unassigned","Unassigned","bac","bac_ASV_587"
"bac_ASV_589","bac","Bacteria","Proteobacteria","Betaproteobacteria","Rhodocyclales","Rhodocyclaceae","Unassigned","Unassigned","bac","bac_ASV_589"
"bac_ASV_59","bac","Bacteria","Acidobacteria","Acidobacteria_Gp1","Unassigned","Unassigned","Telmatobacter","Telmatobacter_bradus","bac","bac_ASV_59"
"bac_ASV_596","bac","Bacteria","Proteobacteria","Betaproteobacteria","Burkholderiales","Comamonadaceae","Unassigned","Unassigned","bac","bac_ASV_596"
"bac_ASV_599","bac","Bacteria","Proteobacteria","Alphaproteobacteria","Rhodospirillales","Rhodospirillaceae","Skermanella","Skermanella_xinjiangensis","bac","bac_ASV_599"
"bac_ASV_6","bac","Bacteria","Proteobacteria","Gammaproteobacteria","Xanthomonadales","Xanthomonadaceae","Unassigned","Unassigned","bac","bac_ASV_6"
"bac_ASV_60","bac","Bacteria","Proteobacteria","Alphaproteobacteria","Sphingomonadales","Sphingomonadaceae","Novosphingobium","Novosphingobium_resinovorum","bac","bac_ASV_60"
"bac_ASV_608","bac","Bacteria","Bacteroidetes","Sphingobacteriia","Sphingobacteriales","Saprospiraceae","Unassigned","Unassigned","bac","bac_ASV_608"
"bac_ASV_609","bac","Bacteria","Latescibacteria","Unassigned","Unassigned","Unassigned","Latescibacteria_genera_incertae_sedis","Unassigned","bac","bac_ASV_609"
"bac_ASV_61","bac","Bacteria","Actinobacteria","Actinobacteria","Gaiellales","Gaiellaceae","Gaiella","Gaiella_occulta","bac","bac_ASV_61"
"bac_ASV_614","bac","Bacteria","Proteobacteria","Deltaproteobacteria","Myxococcales","Polyangiaceae","Unassigned","Unassigned","bac","bac_ASV_614"
"bac_ASV_617","bac","Bacteria","Unassigned","Unassigned","Unassigned","Unassigned","Unassigned","Unassigned","bac","bac_ASV_617"
"bac_ASV_619","bac","Bacteria","Acidobacteria","Acidobacteria_Gp2","Unassigned","Unassigned","Gp2","Unassigned","bac","bac_ASV_619"
"bac_ASV_62","bac","Bacteria","Proteobacteria","Betaproteobacteria","Unassigned","Unassigned","Unassigned","Unassigned","bac","bac_ASV_62"
"bac_ASV_623","bac","Unassigned","Unassigned","Unassigned","Unassigned","Unassigned","Unassigned","Unassigned","bac","bac_ASV_623"
"bac_ASV_624","bac","Bacteria","Bacteroidetes","Sphingobacteriia","Sphingobacteriales","Chitinophagaceae","Parafilimonas","Parafilimonas_terrae","bac","bac_ASV_624"
"bac_ASV_625","bac","Bacteria","Proteobacteria","Gammaproteobacteria","Xanthomonadales","Xanthomonadaceae","Unassigned","Unassigned","bac","bac_ASV_625"
"bac_ASV_63","bac","Bacteria","Unassigned","Unassigned","Unassigned","Unassigned","Unassigned","Unassigned","bac","bac_ASV_63"
"bac_ASV_630","bac","Bacteria","Proteobacteria","Betaproteobacteria","Unassigned","Unassigned","Unassigned","Unassigned","bac","bac_ASV_630"
"bac_ASV_64","bac","Bacteria","Proteobacteria","Alphaproteobacteria","Alphaproteobacteria_incertae_sedis","Unassigned","Rhizomicrobium","Unassigned","bac","bac_ASV_64"
"bac_ASV_641","bac","Unassigned","Unassigned","Unassigned","Unassigned","Unassigned","Unassigned","Unassigned","bac","bac_ASV_641"
"bac_ASV_643","bac","Bacteria","Proteobacteria","Alphaproteobacteria","Sphingomonadales","Unassigned","Unassigned","Unassigned","bac","bac_ASV_643"
"bac_ASV_646","bac","Bacteria","Proteobacteria","Deltaproteobacteria","Unassigned","Unassigned","Unassigned","Unassigned","bac","bac_ASV_646"
"bac_ASV_65","bac","Bacteria","Gemmatimonadetes","Gemmatimonadetes","Gemmatimonadales","Gemmatimonadaceae","Gemmatimonas","Gemmatimonas_aurantiaca","bac","bac_ASV_65"
"bac_ASV_650","bac","Unassigned","Unassigned","Unassigned","Unassigned","Unassigned","Unassigned","Unassigned","bac","bac_ASV_650"
"bac_ASV_651","bac","Bacteria","Proteobacteria","Gammaproteobacteria","Unassigned","Unassigned","Unassigned","Unassigned","bac","bac_ASV_651"
"bac_ASV_653","bac","Bacteria","Proteobacteria","Alphaproteobacteria","Rhizobiales","Hyphomicrobiaceae","Hyphomicrobium","Hyphomicrobium_vulgare","bac","bac_ASV_653"
"bac_ASV_655","bac","Bacteria","Proteobacteria","Deltaproteobacteria","Myxococcales","Unassigned","Unassigned","Unassigned","bac","bac_ASV_655"
"bac_ASV_657","bac","Bacteria","Proteobacteria","Betaproteobacteria","Burkholderiales","Comamonadaceae","Ramlibacter","Unassigned","bac","bac_ASV_657"
"bac_ASV_66","bac","Bacteria","Firmicutes","Bacilli","Bacillales","Bacillaceae_1","Bacillus","Bacillus_funiculus","bac","bac_ASV_66"
"bac_ASV_661","bac","Bacteria","Proteobacteria","Gammaproteobacteria","Unassigned","Unassigned","Unassigned","Unassigned","bac","bac_ASV_661"
"bac_ASV_662","bac","Bacteria","Unassigned","Unassigned","Unassigned","Unassigned","Unassigned","Unassigned","bac","bac_ASV_662"
"bac_ASV_663","bac","Bacteria","Acidobacteria","Acidobacteria_Gp6","Unassigned","Unassigned","Gp6","Unassigned","bac","bac_ASV_663"
"bac_ASV_67","bac","Bacteria","Proteobacteria","Alphaproteobacteria","Sphingomonadales","Sphingomonadaceae","Novosphingobium","Unassigned","bac","bac_ASV_67"
"bac_ASV_670","bac","Bacteria","Planctomycetes","Planctomycetia","Planctomycetales","Planctomycetaceae","Unassigned","Unassigned","bac","bac_ASV_670"
"bac_ASV_672","bac","Bacteria","Actinobacteria","Actinobacteria","Actinomycetales","Micromonosporaceae","Unassigned","Unassigned","bac","bac_ASV_672"
"bac_ASV_674","bac","Unassigned","Unassigned","Unassigned","Unassigned","Unassigned","Unassigned","Unassigned","bac","bac_ASV_674"
"bac_ASV_678","bac","Bacteria","Proteobacteria","Alphaproteobacteria","Rhizobiales","Rhizobiaceae","Unassigned","Unassigned","bac","bac_ASV_678"
"bac_ASV_68","bac","Bacteria","Proteobacteria","Alphaproteobacteria","Rhodospirillales","Rhodospirillaceae","Unassigned","Unassigned","bac","bac_ASV_68"
"bac_ASV_680","bac","Bacteria","Actinobacteria","Actinobacteria","Gaiellales","Gaiellaceae","Gaiella","Gaiella_occulta","bac","bac_ASV_680"
"bac_ASV_682","bac","Bacteria","Proteobacteria","Alphaproteobacteria","Unassigned","Unassigned","Unassigned","Unassigned","bac","bac_ASV_682"
"bac_ASV_683","bac","Bacteria","Acidobacteria","Acidobacteria_Gp6","Unassigned","Unassigned","Gp6","Unassigned","bac","bac_ASV_683"
"bac_ASV_69","bac","Bacteria","Proteobacteria","Alphaproteobacteria","Rhizobiales","Hyphomicrobiaceae","Devosia","Devosia_insulae","bac","bac_ASV_69"
"bac_ASV_693","bac","Bacteria","Acidobacteria","Acidobacteria_Gp6","Unassigned","Unassigned","Gp6","Unassigned","bac","bac_ASV_693"
"bac_ASV_694","bac","Bacteria","Verrucomicrobia","Subdivision3","Unassigned","Unassigned","Subdivision3_genera_incertae_sedis","Unassigned","bac","bac_ASV_694"
"bac_ASV_7","bac","Bacteria","Proteobacteria","Alphaproteobacteria","Sphingomonadales","Sphingomonadaceae","Unassigned","Unassigned","bac","bac_ASV_7"
"bac_ASV_70","bac","Bacteria","Gemmatimonadetes","Gemmatimonadetes","Gemmatimonadales","Gemmatimonadaceae","Gemmatimonas","Gemmatimonas_aurantiaca","bac","bac_ASV_70"
"bac_ASV_707","bac","Bacteria","Acidobacteria","Acidobacteria_Gp3","Unassigned","Unassigned","Unassigned","Unassigned","bac","bac_ASV_707"
"bac_ASV_71","bac","Bacteria","Proteobacteria","Alphaproteobacteria","Rhizobiales","Rhizobiaceae","Rhizobium","Rhizobium_laguerreae","bac","bac_ASV_71"
"bac_ASV_714","bac","Bacteria","Unassigned","Unassigned","Unassigned","Unassigned","Unassigned","Unassigned","bac","bac_ASV_714"
"bac_ASV_716","bac","Bacteria","Proteobacteria","Alphaproteobacteria","Rhizobiales","Rhizobiaceae","Ensifer","Ensifer_sesbaniae","bac","bac_ASV_716"
"bac_ASV_72","bac","Bacteria","Proteobacteria","Gammaproteobacteria","Xanthomonadales","Xanthomonadaceae","Unassigned","Unassigned","bac","bac_ASV_72"
"bac_ASV_721","bac","Unassigned","Unassigned","Unassigned","Unassigned","Unassigned","Unassigned","Unassigned","bac","bac_ASV_721"
"bac_ASV_723","bac","Bacteria","Proteobacteria","Deltaproteobacteria","Myxococcales","Unassigned","Unassigned","Unassigned","bac","bac_ASV_723"
"bac_ASV_725","bac","Bacteria","Unassigned","Unassigned","Unassigned","Unassigned","Unassigned","Unassigned","bac","bac_ASV_725"
"bac_ASV_729","bac","Bacteria","Bacteroidetes","Sphingobacteriia","Sphingobacteriales","Sphingobacteriaceae","Solitalea","Solitalea_koreensis","bac","bac_ASV_729"
"bac_ASV_73","bac","Bacteria","Acidobacteria","Acidobacteria_Gp3","Unassigned","Unassigned","Gp3","Unassigned","bac","bac_ASV_73"
"bac_ASV_731","bac","Bacteria","Unassigned","Unassigned","Unassigned","Unassigned","Unassigned","Unassigned","bac","bac_ASV_731"
"bac_ASV_733","bac","Bacteria","Proteobacteria","Gammaproteobacteria","Unassigned","Unassigned","Unassigned","Unassigned","bac","bac_ASV_733"
"bac_ASV_735","bac","Bacteria","Proteobacteria","Alphaproteobacteria","Unassigned","Unassigned","Unassigned","Unassigned","bac","bac_ASV_735"
"bac_ASV_74","bac","Bacteria","Proteobacteria","Betaproteobacteria","Unassigned","Unassigned","Unassigned","Unassigned","bac","bac_ASV_74"
"bac_ASV_75","bac","Bacteria","Proteobacteria","Alphaproteobacteria","Rhodospirillales","Rhodospirillaceae","Unassigned","Unassigned","bac","bac_ASV_75"
"bac_ASV_757","bac","Bacteria","Proteobacteria","Betaproteobacteria","Hydrogenophilales","Hydrogenophilaceae","Thiobacillus","Thiobacillus_thioparus","bac","bac_ASV_757"
"bac_ASV_76","bac","Bacteria","Proteobacteria","Alphaproteobacteria","Rhodospirillales","Unassigned","Unassigned","Unassigned","bac","bac_ASV_76"
"bac_ASV_762","bac","Bacteria","Proteobacteria","Gammaproteobacteria","Pseudomonadales","Pseudomonadaceae","Pseudomonas","Pseudomonas_alcaligenes","bac","bac_ASV_762"
"bac_ASV_763","bac","Bacteria","Firmicutes","Bacilli","Bacillales","Bacillaceae_1","Bacillus","Unassigned","bac","bac_ASV_763"
"bac_ASV_77","bac","Bacteria","Proteobacteria","Alphaproteobacteria","Sphingomonadales","Sphingomonadaceae","Sphingobium","Sphingobium_quisquiliarum","bac","bac_ASV_77"
"bac_ASV_772","bac","Bacteria","Proteobacteria","Gammaproteobacteria","Chromatiales","Unassigned","Unassigned","Unassigned","bac","bac_ASV_772"
"bac_ASV_775","bac","Bacteria","candidate_division_WPS-1","Unassigned","Unassigned","Unassigned","WPS-1_genera_incertae_sedis","Unassigned","bac","bac_ASV_775"
"bac_ASV_78","bac","Bacteria","Proteobacteria","Betaproteobacteria","Unassigned","Unassigned","Unassigned","Unassigned","bac","bac_ASV_78"
"bac_ASV_782","bac","Bacteria","Unassigned","Unassigned","Unassigned","Unassigned","Unassigned","Unassigned","bac","bac_ASV_782"
"bac_ASV_79","bac","Bacteria","Proteobacteria","Betaproteobacteria","Unassigned","Unassigned","Unassigned","Unassigned","bac","bac_ASV_79"
"bac_ASV_790","bac","Bacteria","Planctomycetes","Planctomycetia","Planctomycetales","Planctomycetaceae","Unassigned","Unassigned","bac","bac_ASV_790"
"bac_ASV_798","bac","Bacteria","Nitrospirae","Nitrospira","Nitrospirales","Nitrospiraceae","Nitrospira","Unassigned","bac","bac_ASV_798"
"bac_ASV_799","bac","Bacteria","Acidobacteria","Acidobacteria_Gp7","Unassigned","Unassigned","Gp7","Unassigned","bac","bac_ASV_799"
"bac_ASV_80","bac","Bacteria","Actinobacteria","Actinobacteria","Actinomycetales","Micrococcaceae","Arthrobacter","Arthrobacter_cryotolerans","bac","bac_ASV_80"
"bac_ASV_804","bac","Bacteria","Proteobacteria","Betaproteobacteria","Burkholderiales","Comamonadaceae","Variovorax","Variovorax_boronicumulans","bac","bac_ASV_804"
"bac_ASV_808","bac","Bacteria","Proteobacteria","Alphaproteobacteria","Alphaproteobacteria_incertae_sedis","Unassigned","Rhizomicrobium","Unassigned","bac","bac_ASV_808"
"bac_ASV_81","bac","Bacteria","Proteobacteria","Alphaproteobacteria","Rhizobiales","Bradyrhizobiaceae","Bradyrhizobium","Bradyrhizobium_manausense","bac","bac_ASV_81"
"bac_ASV_812","bac","Bacteria","Unassigned","Unassigned","Unassigned","Unassigned","Unassigned","Unassigned","bac","bac_ASV_812"
"bac_ASV_814","bac","Bacteria","Acidobacteria","Acidobacteria_Gp6","Unassigned","Unassigned","Gp6","Unassigned","bac","bac_ASV_814"
"bac_ASV_815","bac","Bacteria","Acidobacteria","Acidobacteria_Gp10","Unassigned","Unassigned","Gp10","Unassigned","bac","bac_ASV_815"
"bac_ASV_819","bac","Bacteria","Proteobacteria","Alphaproteobacteria","Unassigned","Unassigned","Unassigned","Unassigned","bac","bac_ASV_819"
"bac_ASV_82","bac","Bacteria","Proteobacteria","Alphaproteobacteria","Sphingomonadales","Erythrobacteraceae","Unassigned","Unassigned","bac","bac_ASV_82"
"bac_ASV_822","bac","Bacteria","Proteobacteria","Betaproteobacteria","Unassigned","Unassigned","Unassigned","Unassigned","bac","bac_ASV_822"
"bac_ASV_83","bac","Bacteria","Proteobacteria","Alphaproteobacteria","Rhizobiales","Unassigned","Unassigned","Unassigned","bac","bac_ASV_83"
"bac_ASV_84","bac","Bacteria","Unassigned","Unassigned","Unassigned","Unassigned","Unassigned","Unassigned","bac","bac_ASV_84"
"bac_ASV_840","bac","Bacteria","Proteobacteria","Deltaproteobacteria","Desulfuromonadales","Geobacteraceae","Geobacter","Unassigned","bac","bac_ASV_840"
"bac_ASV_842","bac","Unassigned","Unassigned","Unassigned","Unassigned","Unassigned","Unassigned","Unassigned","bac","bac_ASV_842"
"bac_ASV_843","bac","Bacteria","Acidobacteria","Acidobacteria_Gp6","Unassigned","Unassigned","Gp6","Unassigned","bac","bac_ASV_843"
"bac_ASV_846","bac","Bacteria","Bacteroidetes","Sphingobacteriia","Sphingobacteriales","Chitinophagaceae","Unassigned","Unassigned","bac","bac_ASV_846"
"bac_ASV_85","bac","Archaea","Thaumarchaeota","Unassigned","Nitrososphaerales","Nitrososphaeraceae","Nitrososphaera","Unassigned","bac","bac_ASV_85"
"bac_ASV_855","bac","Bacteria","Proteobacteria","Alphaproteobacteria","Rhizobiales","Unassigned","Unassigned","Unassigned","bac","bac_ASV_855"
"bac_ASV_858","bac","Bacteria","Unassigned","Unassigned","Unassigned","Unassigned","Unassigned","Unassigned","bac","bac_ASV_858"
"bac_ASV_86","bac","Bacteria","Unassigned","Unassigned","Unassigned","Unassigned","Unassigned","Unassigned","bac","bac_ASV_86"
"bac_ASV_866","bac","Bacteria","Gemmatimonadetes","Gemmatimonadetes","Gemmatimonadales","Gemmatimonadaceae","Gemmatimonas","Gemmatimonas_aurantiaca","bac","bac_ASV_866"
"bac_ASV_87","bac","Bacteria","Gemmatimonadetes","Gemmatimonadetes","Gemmatimonadales","Gemmatimonadaceae","Gemmatimonas","Gemmatimonas_aurantiaca","bac","bac_ASV_87"
"bac_ASV_874","bac","Bacteria","Chloroflexi","Anaerolineae","Anaerolineales","Anaerolineaceae","Unassigned","Unassigned","bac","bac_ASV_874"
"bac_ASV_878","bac","Bacteria","Proteobacteria","Alphaproteobacteria","Rhodospirillales","Rhodospirillaceae","Unassigned","Unassigned","bac","bac_ASV_878"
"bac_ASV_88","bac","Bacteria","Acidobacteria","Acidobacteria_Gp6","Unassigned","Unassigned","Gp6","Unassigned","bac","bac_ASV_88"
"bac_ASV_883","bac","Bacteria","Proteobacteria","Alphaproteobacteria","Unassigned","Unassigned","Unassigned","Unassigned","bac","bac_ASV_883"
"bac_ASV_9","bac","Bacteria","Unassigned","Unassigned","Unassigned","Unassigned","Unassigned","Unassigned","bac","bac_ASV_9"
"bac_ASV_903","bac","Bacteria","Acidobacteria","Acidobacteria_Gp6","Unassigned","Unassigned","Gp6","Unassigned","bac","bac_ASV_903"
"bac_ASV_905","bac","Bacteria","Proteobacteria","Deltaproteobacteria","Unassigned","Unassigned","Unassigned","Unassigned","bac","bac_ASV_905"
"bac_ASV_912","bac","Bacteria","Proteobacteria","Gammaproteobacteria","Chromatiales","Unassigned","Unassigned","Unassigned","bac","bac_ASV_912"
"bac_ASV_92","bac","Bacteria","Acidobacteria","Acidobacteria_Gp6","Unassigned","Unassigned","Gp6","Unassigned","bac","bac_ASV_92"
"bac_ASV_921","bac","Bacteria","Proteobacteria","Betaproteobacteria","Rhodocyclales","Rhodocyclaceae","Azoarcus","Unassigned","bac","bac_ASV_921"
"bac_ASV_923","bac","Bacteria","Acidobacteria","Acidobacteria_Gp16","Unassigned","Unassigned","Gp16","Unassigned","bac","bac_ASV_923"
"bac_ASV_93","bac","Bacteria","Nitrospirae","Nitrospira","Nitrospirales","Nitrospiraceae","Nitrospira","Unassigned","bac","bac_ASV_93"
"bac_ASV_930","bac","Bacteria","Acidobacteria","Acidobacteria_Gp7","Unassigned","Unassigned","Gp7","Unassigned","bac","bac_ASV_930"
"bac_ASV_94","bac","Bacteria","Unassigned","Unassigned","Unassigned","Unassigned","Unassigned","Unassigned","bac","bac_ASV_94"
"bac_ASV_942","bac","Bacteria","Acidobacteria","Acidobacteria_Gp5","Unassigned","Unassigned","Gp5","Unassigned","bac","bac_ASV_942"
"bac_ASV_95","bac","Bacteria","Bacteroidetes","Sphingobacteriia","Sphingobacteriales","Chitinophagaceae","Terrimonas","Terrimonas_lutea","bac","bac_ASV_95"
"bac_ASV_96","bac","Bacteria","Proteobacteria","Betaproteobacteria","Unassigned","Unassigned","Unassigned","Unassigned","bac","bac_ASV_96"
"bac_ASV_963","bac","Bacteria","Actinobacteria","Actinobacteria","Gaiellales","Gaiellaceae","Gaiella","Gaiella_occulta","bac","bac_ASV_963"
"bac_ASV_964","bac","Bacteria","Proteobacteria","Gammaproteobacteria","Gammaproteobacteria_incertae_sedis","Unassigned","Unassigned","Unassigned","bac","bac_ASV_964"
"bac_ASV_965","bac","Bacteria","Acidobacteria","Acidobacteria_Gp6","Unassigned","Unassigned","Gp6","Unassigned","bac","bac_ASV_965"
"bac_ASV_970","bac","Bacteria","Proteobacteria","Betaproteobacteria","Burkholderiales","Burkholderiaceae","Burkholderia","Unassigned","bac","bac_ASV_970"
"bac_ASV_972","bac","Bacteria","Acidobacteria","Acidobacteria_Gp3","Unassigned","Unassigned","Gp3","Unassigned","bac","bac_ASV_972"
"bac_ASV_99","bac","Bacteria","Proteobacteria","Betaproteobacteria","Unassigned","Unassigned","Unassigned","Unassigned","bac","bac_ASV_99"
"BI",NA,NA,NA,NA,NA,NA,NA,NA,"env","BI"
"CN",NA,NA,NA,NA,NA,NA,NA,NA,"env","CN"
"FRB",NA,NA,NA,NA,NA,NA,NA,NA,"env","FRB"
"Height",NA,NA,NA,NA,NA,NA,NA,NA,"env","Height"
"LA",NA,NA,NA,NA,NA,NA,NA,NA,"env","LA"
"LB",NA,NA,NA,NA,NA,NA,NA,NA,"env","LB"
"LRD1",NA,NA,NA,NA,NA,NA,NA,NA,"env","LRD1"
"LRD2",NA,NA,NA,NA,NA,NA,NA,NA,"env","LRD2"
"LRD3",NA,NA,NA,NA,NA,NA,NA,NA,"env","LRD3"
"LRL1",NA,NA,NA,NA,NA,NA,NA,NA,"env","LRL1"
"LRL2",NA,NA,NA,NA,NA,NA,NA,NA,"env","LRL2"
"LRL3",NA,NA,NA,NA,NA,NA,NA,NA,"env","LRL3"
"LRN1",NA,NA,NA,NA,NA,NA,NA,NA,"env","LRN1"
"LRN2",NA,NA,NA,NA,NA,NA,NA,NA,"env","LRN2"
"LRN3",NA,NA,NA,NA,NA,NA,NA,NA,"env","LRN3"
"LRW1",NA,NA,NA,NA,NA,NA,NA,NA,"env","LRW1"
"LRW2",NA,NA,NA,NA,NA,NA,NA,NA,"env","LRW2"
"LRW3",NA,NA,NA,NA,NA,NA,NA,NA,"env","LRW3"
"MaxO",NA,NA,NA,NA,NA,NA,NA,NA,"env","MaxO"
"MID",NA,NA,NA,NA,NA,NA,NA,NA,"env","MID"
"NH4.N",NA,NA,NA,NA,NA,NA,NA,NA,"env","NH4.N"
"NO3.N",NA,NA,NA,NA,NA,NA,NA,NA,"env","NO3.N"
"pH",NA,NA,NA,NA,NA,NA,NA,NA,"env","pH"
"R.S",NA,NA,NA,NA,NA,NA,NA,NA,"env","R.S"
"RB",NA,NA,NA,NA,NA,NA,NA,NA,"env","RB"
"RGR",NA,NA,NA,NA,NA,NA,NA,NA,"env","RGR"
"SB",NA,NA,NA,NA,NA,NA,NA,NA,"env","SB"
"SOC",NA,NA,NA,NA,NA,NA,NA,NA,"env","SOC"
"TG",NA,NA,NA,NA,NA,NA,NA,NA,"env","TG"
"TLRL",NA,NA,NA,NA,NA,NA,NA,NA,"env","TLRL"
"TLRN",NA,NA,NA,NA,NA,NA,NA,NA,"env","TLRN"
"TN",NA,NA,NA,NA,NA,NA,NA,NA,"env","TN"
