"","X1","X2","elements","filed","Kingdom","Phylum","Class","Order","Family","Genus","group","igraph.degree","igraph.closeness","igraph.betweenness","igraph.cen.degree"
"Acaulium",-11.7836852471081,6.63367507217788,"Acaulium","fun","Fungi","Ascomycota","Sordariomycetes","Microascales","Microascaceae","Acaulium","fun",0,0,0,0
"Acidocella",-0.874003863369158,-8.93563311623412,"Acidocella","bac","Bacteria","Proteobacteria","Alphaproteobacteria","Rhodospirillales","Acetobacteraceae","Acidocella","bac",1,0.17379679144385,0,1
"Acrobeloides",-5.30752151359355,-14.4703450445088,"Acrobeloides","fun","Metazoa","Nematoda","Chromadorea","Rhabditida","Cephalobidae","Acrobeloides","fun",0,0,0,0
"Actinomadura",1.09264433179908,-5.33738302027063,"Actinomadura","bac","Bacteria","Actinobacteria","Actinobacteria","Actinomycetales","Thermomonosporaceae","Actinomadura","bac",4,0.328282828282828,46.7395182154409,4
"Altererythrobacter",2.92527067039555,14.594224615774,"Altererythrobacter","bac","Bacteria","Proteobacteria","Alphaproteobacteria","Sphingomonadales","Erythrobacteraceae","Altererythrobacter","bac",2,1,1,2
"Alternaria",-7.88781405337251,0.481694700039448,"Alternaria","fun","Fungi","Ascomycota","Dothideomycetes","Pleosporales","Pleosporaceae","Alternaria","fun",2,0.218120805369128,4.18067108330266,2
"Anteholosticha",-3.26740041379223,15.4045860156154,"Anteholosticha","fun","Alveolata","Ciliophora","Spirotrichea","Urostylida","Holostichidae","Anteholosticha","fun",0,0,0,0
"Aquabacterium",5.14824137828302,13.1461579305359,"Aquabacterium","bac","Bacteria","Proteobacteria","Betaproteobacteria","Burkholderiales","Burkholderiales_incertae_sedis","Aquabacterium","bac",0,0,0,0
"Aquicella",7.47710223352184,14.3488593979628,"Aquicella","bac","Bacteria","Proteobacteria","Gammaproteobacteria","Legionellales","Coxiellaceae","Aquicella","bac",0,0,0,0
"Arachnomyces",-14.2700405833729,5.97168354046028,"Arachnomyces","fun","Fungi","Ascomycota","Eurotiomycetes","Onygenales","Arachnomycetaceae","Arachnomyces","fun",0,0,0,0
"Arcopilus",-1.2030622306652,-13.077658955454,"Arcopilus","fun","Fungi","Ascomycota","Sordariomycetes","Sordariales","Chaetomiaceae","Arcopilus","fun",10,0.335051546391753,378.694299024213,10
"Arenimonas",12.6130234010252,3.32387805378515,"Arenimonas","bac","Bacteria","Proteobacteria","Gammaproteobacteria","Xanthomonadales","Xanthomonadaceae","Arenimonas","bac",2,0.222602739726027,11.9570190181336,2
"Armatimonadetes_gp5",-7.27032766947601,12.7245443756021,"Armatimonadetes_gp5","bac","Bacteria","Armatimonadetes","Unassigned","Unassigned","Unassigned","Armatimonadetes_gp5","bac",0,0,0,0
"Arthrobacter",-13.1035491851662,9.14390291357855,"Arthrobacter","bac","Bacteria","Actinobacteria","Actinobacteria","Actinomycetales","Micrococcaceae","Arthrobacter","bac",0,0,0,0
"Ascobolus",13.5459012076749,8.23220719220543,"Ascobolus","fun","Fungi","Ascomycota","Pezizomycetes","Pezizales","Ascobolaceae","Ascobolus","fun",0,0,0,0
"Aspergillus",15.1192281591316,-6.14240965510238,"Aspergillus","fun","Fungi","Ascomycota","Eurotiomycetes","Eurotiales","Aspergillaceae","Aspergillus","fun",0,0,0,0
"Aureobasidium",-7.27327601625119,-5.13510111187371,"Aureobasidium","fun","Fungi","Ascomycota","Dothideomycetes","Dothideales","Aureobasidiaceae","Aureobasidium","fun",1,0.237226277372263,0,1
"Azoarcus",8.7501946326092,1.57817491977286,"Azoarcus","bac","Bacteria","Proteobacteria","Betaproteobacteria","Rhodocyclales","Rhodocyclaceae","Azoarcus","bac",1,0.198170731707317,0,1
"Azonexus",15.5795521354168,0.839988408353279,"Azonexus","bac","Bacteria","Proteobacteria","Betaproteobacteria","Rhodocyclales","Rhodocyclaceae","Azonexus","bac",0,0,0,0
"Bacillus",-5.40584977441401,-6.02946609666825,"Bacillus","bac","Bacteria","Firmicutes","Bacilli","Bacillales","Bacillaceae_1","Bacillus","bac",1,0.277777777777778,0,1
"Badarisama",-15.4945917638106,2.2590956248352,"Badarisama","fun","Fungi","Ascomycota","Pezizomycotina_cls_Incertae_sedis","Pezizomycotina_ord_Incertae_sedis","Pezizomycotina_fam_Incertae_sedis","Badarisama","fun",0,0,0,0
"Boothiomyces",-16.7180074496722,4.27626990636105,"Boothiomyces","fun","Fungi","Chytridiomycota","Rhizophydiomycetes","Rhizophydiales","Terramycetaceae","Boothiomyces","fun",0,0,0,0
"Botryotrichum",-8.616995655452,12.5202623961345,"Botryotrichum","fun","Fungi","Ascomycota","Sordariomycetes","Sordariales","Chaetomiaceae","Botryotrichum","fun",0,0,0,0
"Bourletiella",5.08866109184858,15.9485922582265,"Bourletiella","fun","Metazoa","Arthropoda","Collembola","Unassigned","Bourletiellidae","Bourletiella","fun",0,0,0,0
"Bradyrhizobium",3.79778092730863,7.37912929289316,"Bradyrhizobium","bac","Bacteria","Proteobacteria","Alphaproteobacteria","Rhizobiales","Bradyrhizobiaceae","Bradyrhizobium","bac",2,0.666666666666667,3,2
"Bryum",-2.96661245291165,9.8153781279065,"Bryum","fun","Viridiplantae","Bryophyta","Bryopsida","Bryales","Bryaceae","Bryum","fun",1,0.666666666666667,0,1
"Burkholderia",5.04612329315703,-12.163590259863,"Burkholderia","bac","Bacteria","Proteobacteria","Betaproteobacteria","Burkholderiales","Burkholderiaceae","Burkholderia","bac",2,0.25,109.224139628487,2
"Caldalkalibacillus",13.7073400837718,-9.64704907053825,"Caldalkalibacillus","bac","Bacteria","Firmicutes","Bacilli","Bacillales","Bacillales_incertae_sedis","Caldalkalibacillus","bac",0,0,0,0
"Candidatus_Solibacter",6.32086314533024,-14.9296828879671,"Candidatus_Solibacter","bac","Bacteria","Acidobacteria","Acidobacteria_Gp3","Unassigned","Unassigned","Candidatus_Solibacter","bac",1,0.238970588235294,0,1
"Chaetomium",-4.59675003484141,-16.096920237329,"Chaetomium","fun","Fungi","Ascomycota","Sordariomycetes","Sordariales","Chaetomiaceae","Chaetomium","fun",0,0,0,0
"Chaetosphaeria",-5.47319911463859,-8.7899738169591,"Chaetosphaeria","fun","Fungi","Ascomycota","Sordariomycetes","Chaetosphaeriales","Chaetosphaeriaceae","Chaetosphaeria","fun",2,0.275423728813559,4.57493772137735,2
"Chlamydomonas",1.80901118575813,12.4809797838115,"Chlamydomonas","fun","Viridiplantae","Chlorophyta","Unassigned","Unassigned","Unassigned","Chlamydomonas","fun",1,0.666666666666667,0,1
"Chlorococcum",-9.88773825709055,8.1898731127713,"Chlorococcum","fun","Viridiplantae","Chlorophyta","Unassigned","Unassigned","Unassigned","Chlorococcum","fun",1,0.666666666666667,0,1
"Chondromyces",3.79775913455863,-14.9416861987206,"Chondromyces","bac","Bacteria","Proteobacteria","Deltaproteobacteria","Myxococcales","Polyangiaceae","Chondromyces","bac",1,0.251937984496124,0,1
"Chryseolinea",-0.320391850128264,8.69229628189091,"Chryseolinea","bac","Bacteria","Bacteroidetes","Cytophagia","Cytophagales","Unassigned","Chryseolinea","bac",2,1,1,2
"Chrysosporium",11.6417470500548,9.68543437683955,"Chrysosporium","fun","Fungi","Ascomycota","Eurotiomycetes","Onygenales","Onygenales_fam_Incertae_sedis","Chrysosporium","fun",1,1,0,1
"Cladophialophora",-6.75982662023685,-14.9867820333116,"Cladophialophora","fun","Fungi","Ascomycota","Eurotiomycetes","Chaetothyriales","Herpotrichiellaceae","Cladophialophora","fun",0,0,0,0
"Cladosporium",1.78283346725374,0.616546357583409,"Cladosporium","fun","Fungi","Ascomycota","Dothideomycetes","Capnodiales","Cladosporiaceae","Cladosporium","fun",9,0.342105263157895,229.716367197589,9
"Clonostachys",-6.73634017346527,14.7135629710633,"Clonostachys","fun","Fungi","Ascomycota","Sordariomycetes","Hypocreales","Bionectriaceae","Clonostachys","fun",0,0,0,0
"Coelastrella",-11.4135921239674,11.3277032567231,"Coelastrella","fun","Viridiplantae","Chlorophyta","Chlorophyceae","Sphaeropleales","Scenedesmaceae","Coelastrella","fun",0,0,0,0
"Colletotrichum",-5.72481094365359,17.2753632774158,"Colletotrichum","fun","Fungi","Ascomycota","Sordariomycetes","Glomerellales","Glomerellaceae","Colletotrichum","fun",0,0,0,0
"Conlarium",-0.47129141301105,-15.3204807256559,"Conlarium","fun","Fungi","Ascomycota","Sordariomycetes","Sordariales","Sordariales_fam_Incertae_sedis","Conlarium","fun",7,0.3125,298.920649249135,7
"Conocybe",-0.683843431299217,0.742888667619745,"Conocybe","fun","Fungi","Basidiomycota","Agaricomycetes","Agaricales","Bolbitiaceae","Conocybe","fun",8,0.325,131.807971928189,8
"Corynascella",-10.1321637560877,12.8033929543615,"Corynascella","fun","Fungi","Ascomycota","Sordariomycetes","Sordariales","Chaetomiaceae","Corynascella","fun",0,0,0,0
"Crenobacter",-2.98548918887642,-11.7230183539799,"Crenobacter","bac","Bacteria","Proteobacteria","Betaproteobacteria","Neisseriales","Neisseriaceae","Crenobacter","bac",1,0.238970588235294,0,1
"Criconemoides",-18.0903329722841,-6.39453143919337,"Criconemoides","fun","Metazoa","Nematoda","Chromadorea","Rhabditida","Criconematidae","Criconemoides","fun",0,0,0,0
"Cupriavidus",-2.4731061291327,2.72436065390002,"Cupriavidus","bac","Bacteria","Proteobacteria","Betaproteobacteria","Burkholderiales","Burkholderiaceae","Cupriavidus","bac",2,0.290178571428571,5.49376762279912,2
"Cylindrocarpon",10.0536911367926,-0.0129609910485975,"Cylindrocarpon","fun","Fungi","Ascomycota","Sordariomycetes","Hypocreales","Nectriaceae","Cylindrocarpon","fun",1,0.227272727272727,0,1
"Cyrtohymena",14.2722078063401,-7.60779192264715,"Cyrtohymena","fun","Alveolata","Ciliophora","Spirotrichea","Sporadotrichida","Oxytrichidae","Cyrtohymena","fun",0,0,0,0
"Cystobacter",16.993219335034,2.33409739763437,"Cystobacter","bac","Bacteria","Proteobacteria","Deltaproteobacteria","Myxococcales","Cystobacteraceae","Cystobacter","bac",0,0,0,0
"Desertibacter",2.69496141965722,-16.3967537461249,"Desertibacter","bac","Bacteria","Proteobacteria","Alphaproteobacteria","Rhodospirillales","Rhodospirillaceae","Desertibacter","bac",1,0.251937984496124,0,1
"Devosia",4.68842196242607,9.95356943437649,"Devosia","bac","Bacteria","Proteobacteria","Alphaproteobacteria","Rhizobiales","Hyphomicrobiaceae","Devosia","bac",1,0.5,0,1
"Dokdonella",-2.70464001820234,-0.220687055860761,"Dokdonella","bac","Bacteria","Proteobacteria","Gammaproteobacteria","Xanthomonadales","Xanthomonadaceae","Dokdonella","bac",4,0.357142857142857,169.037895518131,4
"Dongia",4.32822448843259,-9.07995357491708,"Dongia","bac","Bacteria","Proteobacteria","Alphaproteobacteria","Rhodospirillales","Rhodospirillaceae","Dongia","bac",1,0.251937984496124,0,1
"Duganella",15.8385328361506,7.06428773335938,"Duganella","bac","Bacteria","Proteobacteria","Betaproteobacteria","Burkholderiales","Oxalobacteraceae","Duganella","bac",0,0,0,0
"Ensifer",-7.03970623652221,7.32057294654204,"Ensifer","bac","Bacteria","Proteobacteria","Alphaproteobacteria","Rhizobiales","Rhizobiaceae","Ensifer","bac",2,1,1,2
"Exophiala",8.10150465188555,-17.0335056808121,"Exophiala","fun","Fungi","Ascomycota","Eurotiomycetes","Chaetothyriales","Herpotrichiellaceae","Exophiala","fun",0,0,0,0
"Fibulochlamys",-9.53172591512707,15.3053262159376,"Fibulochlamys","fun","Fungi","Basidiomycota","Agaricomycetes","Agaricales","Lyophyllaceae","Fibulochlamys","fun",0,0,0,0
"Flavisolibacter",-9.61844990626057,-5.25649554606274,"Flavisolibacter","bac","Bacteria","Bacteroidetes","Sphingobacteriia","Sphingobacteriales","Chitinophagaceae","Flavisolibacter","bac",3,0.290178571428571,31.3313555725321,3
"Flavitalea",-14.2080789130637,-9.7955442648955,"Flavitalea","bac","Bacteria","Bacteroidetes","Sphingobacteriia","Sphingobacteriales","Chitinophagaceae","Flavitalea","bac",1,0.235507246376812,0,1
"Fusarium",16.2337579867693,-8.62813016023909,"Fusarium","fun","Fungi","Ascomycota","Sordariomycetes","Hypocreales","Nectriaceae","Fusarium","fun",0,0,0,0
"Fuscheria",-1.34119640052519,17.9493165542259,"Fuscheria","fun","Alveolata","Ciliophora","Litostomatea","Haptorida","Acropisthiidae","Fuscheria","fun",0,0,0,0
"Fusicolla",-6.74791796929861,-17.1467078056607,"Fusicolla","fun","Fungi","Ascomycota","Sordariomycetes","Hypocreales","Nectriaceae","Fusicolla","fun",0,0,0,0
"Gaiella",-9.67096342773219,-12.1970010578318,"Gaiella","bac","Bacteria","Actinobacteria","Actinobacteria","Gaiellales","Gaiellaceae","Gaiella","bac",5,0.30952380952381,161.226324281602,5
"Gamsia",17.9551027503496,0.255255834790102,"Gamsia","fun","Fungi","Ascomycota","Sordariomycetes","Microascales","Microascaceae","Gamsia","fun",0,0,0,0
"Geminibasidium",-8.84442803044958,-15.9916221013282,"Geminibasidium","fun","Fungi","Basidiomycota","Geminibasidiomycetes","Geminibasidiales","Geminibasidiaceae","Geminibasidium","fun",0,0,0,0
"Gemmata",-15.8545741906504,8.18758886645222,"Gemmata","bac","Bacteria","Planctomycetes","Planctomycetia","Planctomycetales","Planctomycetaceae","Gemmata","bac",0,0,0,0
"Gemmatimonas",-3.8303110619082,-18.8529457337425,"Gemmatimonas","bac","Bacteria","Gemmatimonadetes","Gemmatimonadetes","Gemmatimonadales","Gemmatimonadaceae","Gemmatimonas","bac",0,0,0,0
"Geobacter",-13.0110648688721,-12.7473451768743,"Geobacter","bac","Bacteria","Proteobacteria","Deltaproteobacteria","Desulfuromonadales","Geobacteraceae","Geobacter","bac",1,0.277777777777778,0,1
"Gibberella",14.5990192552726,-1.11802248977127,"Gibberella","fun","Fungi","Ascomycota","Sordariomycetes","Hypocreales","Nectriaceae","Gibberella","fun",1,1,0,1
"Gliocladiopsis",17.784691401728,4.97219977624565,"Gliocladiopsis","fun","Fungi","Ascomycota","Sordariomycetes","Hypocreales","Nectriaceae","Gliocladiopsis","fun",0,0,0,0
"Gongronella",-4.0110924121924,11.6749016104978,"Gongronella","fun","Fungi","Mucoromycota","Mucoromycetes","Mucorales","Cunninghamellaceae","Gongronella","fun",1,1,0,1
"Gonostomum",-18.7938614810336,2.45136788663547,"Gonostomum","fun","Alveolata","Ciliophora","Spirotrichea","Sporadotrichida","Trachelostylidae","Gonostomum","fun",0,0,0,0
"Gp1",2.29596885884002,10.029368959455,"Gp1","bac","Bacteria","Acidobacteria","Acidobacteria_Gp1","Unassigned","Unassigned","Gp1","bac",1,0.5,0,1
"Gp10",-5.29199168768021,-0.762840472717919,"Gp10","bac","Bacteria","Acidobacteria","Acidobacteria_Gp10","Unassigned","Unassigned","Gp10","bac",2,0.285087719298246,1.51563393606737,2
"Gp13",8.22457951397878,4.43481192898616,"Gp13","bac","Bacteria","Acidobacteria","Acidobacteria_Gp13","Unassigned","Unassigned","Gp13","bac",4,0.345744680851064,164.650691296252,4
"Gp15",15.4390085305087,10.420484727351,"Gp15","bac","Bacteria","Acidobacteria","Acidobacteria_Gp15","Unassigned","Unassigned","Gp15","bac",0,0,0,0
"Gp16",17.6233086581985,-5.9650212398696,"Gp16","bac","Bacteria","Acidobacteria","Acidobacteria_Gp16","Unassigned","Unassigned","Gp16","bac",0,0,0,0
"Gp17",2.16605681931281,-3.37272461429521,"Gp17","bac","Bacteria","Acidobacteria","Acidobacteria_Gp17","Unassigned","Unassigned","Gp17","bac",4,0.30952380952381,142.809002751676,4
"Gp2",-11.1689374645837,-0.781980133196805,"Gp2","bac","Bacteria","Acidobacteria","Acidobacteria_Gp2","Unassigned","Unassigned","Gp2","bac",3,0.275423728813559,92.921665480884,3
"Gp3",9.96113122904043,15.1853303491844,"Gp3","bac","Bacteria","Acidobacteria","Acidobacteria_Gp3","Unassigned","Unassigned","Gp3","bac",0,0,0,0
"Gp4",-13.1435109938367,11.7256023099713,"Gp4","bac","Bacteria","Acidobacteria","Acidobacteria_Gp4","Unassigned","Unassigned","Gp4","bac",0,0,0,0
"Gp5",1.50252496447415,-9.60836488416977,"Gp5","bac","Bacteria","Acidobacteria","Acidobacteria_Gp5","Unassigned","Unassigned","Gp5","bac",2,0.266393442622951,62.2079921447064,2
"Gp6",-12.7966581239706,-4.45862088595033,"Gp6","bac","Bacteria","Acidobacteria","Acidobacteria_Gp6","Unassigned","Unassigned","Gp6","bac",1,0.235507246376812,0,1
"Gp7",3.36411410775987,16.8505348357418,"Gp7","bac","Bacteria","Acidobacteria","Acidobacteria_Gp7","Unassigned","Unassigned","Gp7","bac",0,0,0,0
"Haliangium",1.11444140293814,-17.4356096638962,"Haliangium","bac","Bacteria","Proteobacteria","Deltaproteobacteria","Myxococcales","Haliangiaceae","Haliangium","bac",1,0.251937984496124,0,1
"Herbaspirillum",12.729093475131,5.5776495391155,"Herbaspirillum","bac","Bacteria","Proteobacteria","Betaproteobacteria","Burkholderiales","Oxalobacteraceae","Herbaspirillum","bac",2,0.280172413793103,14.2867559382719,2
"Herminiimonas",-15.8488468188599,-0.565895731193227,"Herminiimonas","bac","Bacteria","Proteobacteria","Betaproteobacteria","Burkholderiales","Oxalobacteraceae","Herminiimonas","bac",1,1,0,1
"Hormotilopsis",-12.2994381406549,13.7354121411062,"Hormotilopsis","fun","Viridiplantae","Chlorophyta","Chlorophyceae","Chaetopeltidales","Chaetopeltidaceae","Hormotilopsis","fun",0,0,0,0
"Humicola",1.55152576384078,-12.8848279726282,"Humicola","fun","Fungi","Ascomycota","Sordariomycetes","Sordariales","Chaetomiaceae","Humicola","fun",3,0.209677419354839,77.3750054293533,3
"Hydrogonium",-10.1139624321845,1.64193139622652,"Hydrogonium","fun","Viridiplantae","Bryophyta","Bryopsida","Pottiales","Pottiaceae","Hydrogonium","fun",8,0.303738317757009,408.03140536142,8
"Hyphomicrobium",4.86972485022935,0.715418321526094,"Hyphomicrobium","bac","Bacteria","Proteobacteria","Alphaproteobacteria","Rhizobiales","Hyphomicrobiaceae","Hyphomicrobium","bac",3,0.303738317757009,176.822624968173,3
"Latescibacteria_genera_incertae_sedis",9.54860357215364,-2.69471727921032,"Latescibacteria_genera_incertae_sedis","bac","Bacteria","Latescibacteria","Unassigned","Unassigned","Unassigned","Latescibacteria_genera_incertae_sedis","bac",1,0.246212121212121,0,1
"Litchi",-18.3538939277476,6.8794803753329,"Litchi","fun","Viridiplantae","Anthophyta","Eudicotyledonae","Sapindales","Sapindaceae","Litchi","fun",0,0,0,0
"Mesorhizobium",16.2770676254271,-11.9161827659458,"Mesorhizobium","bac","Bacteria","Proteobacteria","Alphaproteobacteria","Rhizobiales","Phyllobacteriaceae","Mesorhizobium","bac",0,0,0,0
"Methyloversatilis",7.16324429337155,16.6178448852396,"Methyloversatilis","bac","Bacteria","Proteobacteria","Betaproteobacteria","Rhodocyclales","Rhodocyclaceae","Methyloversatilis","bac",0,0,0,0
"Microascus",-9.041426549333,-8.77777937100189,"Microascus","fun","Fungi","Ascomycota","Sordariomycetes","Microascales","Microascaceae","Microascus","fun",13,0.382352941176471,599.650603028018,13
"Micronematobotrys",19.6079488824645,-8.43188100053582,"Micronematobotrys","fun","Fungi","Ascomycota","Pezizomycetes","Pezizales","Pyronemataceae","Micronematobotrys","fun",0,0,0,0
"Mortierella",-11.6109377784943,-10.1490150981223,"Mortierella","fun","Fungi","Mortierellomycota","Mortierellomycetes","Mortierellales","Mortierellaceae","Mortierella","fun",6,0.306603773584906,167.749040613296,6
"Neospongiococcum",-13.2415586987235,3.14762096255809,"Neospongiococcum","fun","Viridiplantae","Chlorophyta","Chlorophyceae","Chlamydomonadales","Chlorococcaceae","Neospongiococcum","fun",1,0.191176470588235,0,1
"Neurospora",1.05120198247323,17.8718091488558,"Neurospora","fun","Fungi","Ascomycota","Sordariomycetes","Sordariales","Sordariaceae","Neurospora","fun",0,0,0,0
"Niastella",3.16177447699157,19.0009952124624,"Niastella","bac","Bacteria","Bacteroidetes","Sphingobacteriia","Sphingobacteriales","Chitinophagaceae","Niastella","bac",0,0,0,0
"Nitrosopumilus",2.99019388274574,-11.0288077069306,"Nitrosopumilus","bac","Archaea","Thaumarchaeota","Unassigned","Nitrosopumilales","Nitrosopumilaceae","Nitrosopumilus","bac",2,0.21523178807947,28.2758658008658,2
"Nitrososphaera",-3.82101084802102,19.076926181864,"Nitrososphaera","bac","Archaea","Thaumarchaeota","Unassigned","Nitrososphaerales","Nitrososphaeraceae","Nitrososphaera","bac",0,0,0,0
"Nitrosospira",-16.0942462680138,11.0902139598569,"Nitrosospira","bac","Bacteria","Proteobacteria","Betaproteobacteria","Nitrosomonadales","Nitrosomonadaceae","Nitrosospira","bac",0,0,0,0
"Nitrospira",-11.857805097144,15.8700678027258,"Nitrospira","bac","Bacteria","Nitrospirae","Nitrospira","Nitrospirales","Nitrospiraceae","Nitrospira","bac",0,0,0,0
"Novosphingobium",-10.7185951521656,-16.4365818451733,"Novosphingobium","bac","Bacteria","Proteobacteria","Alphaproteobacteria","Sphingomonadales","Sphingomonadaceae","Novosphingobium","bac",0,0,0,0
"Parafilimonas",-7.95204020818613,2.58629907877581,"Parafilimonas","bac","Bacteria","Bacteroidetes","Sphingobacteriia","Sphingobacteriales","Chitinophagaceae","Parafilimonas","bac",1,0.233812949640288,0,1
"Paraphaeosphaeria",6.30701556790369,7.45414471866774,"Paraphaeosphaeria","fun","Fungi","Ascomycota","Dothideomycetes","Pleosporales","Didymosphaeriaceae","Paraphaeosphaeria","fun",1,0.444444444444444,0,1
"Pedobacter",2.33732434538496,-1.60591664866375,"Pedobacter","bac","Bacteria","Bacteroidetes","Sphingobacteriia","Sphingobacteriales","Sphingobacteriaceae","Pedobacter","bac",5,0.345744680851064,129.686054841436,5
"Penicillium",10.5163596055761,-6.62839429101177,"Penicillium","fun","Fungi","Ascomycota","Eurotiomycetes","Eurotiales","Aspergillaceae","Penicillium","fun",6,0.325,229.700190882556,6
"Phenylobacterium",-8.6156052327917,18.362553441752,"Phenylobacterium","bac","Bacteria","Proteobacteria","Alphaproteobacteria","Caulobacterales","Caulobacteraceae","Phenylobacterium","bac",0,0,0,0
"Pirellula",-15.284612671112,14.4713213322603,"Pirellula","bac","Bacteria","Planctomycetes","Planctomycetia","Planctomycetales","Planctomycetaceae","Pirellula","bac",0,0,0,0
"Polyschema",-0.917561067572326,-20.3541115869598,"Polyschema","fun","Fungi","Ascomycota","Dothideomycetes","Pleosporales","Pleosporales_fam_Incertae_sedis","Polyschema","fun",0,0,0,0
"Pouzolzia",6.44270115284639,-19.5878355478312,"Pouzolzia","fun","Viridiplantae","Anthophyta","Eudicotyledonae","Rosales","Urticaceae","Pouzolzia","fun",0,0,0,0
"Povalibacter",4.57255641970246,-2.46225477977957,"Povalibacter","bac","Bacteria","Proteobacteria","Gammaproteobacteria","Xanthomonadales","Sinobacteraceae","Povalibacter","bac",3,0.306603773584906,34.9132080243831,3
"Powellomyces",0.121576097358219,14.905743016359,"Powellomyces","fun","Fungi","Chytridiomycota","Spizellomycetes","Spizellomycetales","Powellomycetaceae","Powellomyces","fun",1,0.666666666666667,0,1
"Pseudaleuria",5.01613929990845,17.8934067231969,"Pseudaleuria","fun","Fungi","Ascomycota","Pezizomycetes","Pezizales","Pyronemataceae","Pseudaleuria","fun",0,0,0,0
"Pseudoduganella",3.45724628358637,-17.9079487879055,"Pseudoduganella","bac","Bacteria","Proteobacteria","Betaproteobacteria","Burkholderiales","Oxalobacteraceae","Pseudoduganella","bac",1,0.207006369426752,0,1
"Pseudogulbenkiania",8.12035497421302,-4.55876747314675,"Pseudogulbenkiania","bac","Bacteria","Proteobacteria","Betaproteobacteria","Neisseriales","Neisseriaceae","Pseudogulbenkiania","bac",4,0.335051546391753,177.255360919897,4
"Pseudogymnoascus",19.1192797897673,-1.08475714044492,"Pseudogymnoascus","fun","Fungi","Ascomycota","Leotiomycetes","Thelebolales","Pseudeurotiaceae","Pseudogymnoascus","fun",0,0,0,0
"Pseudolabrys",18.9724866536322,-4.02970298203726,"Pseudolabrys","bac","Bacteria","Proteobacteria","Alphaproteobacteria","Rhizobiales","Xanthobacteraceae","Pseudolabrys","bac",0,0,0,0
"Pseudomonas",-9.34798645511796,3.68278301782033,"Pseudomonas","bac","Bacteria","Proteobacteria","Gammaproteobacteria","Pseudomonadales","Pseudomonadaceae","Pseudomonas","bac",1,0.233812949640288,0,1
"Pyrus",7.77384053848615,-8.01814911887265,"Pyrus","fun","Viridiplantae","Anthophyta","Eudicotyledonae","Rosales","Rosaceae","Pyrus","fun",1,0.251937984496124,0,1
"Ralstonia",-5.18080341168849,12.8982432531637,"Ralstonia","bac","Bacteria","Proteobacteria","Betaproteobacteria","Burkholderiales","Burkholderiaceae","Ralstonia","bac",1,1,0,1
"Ramlibacter",14.1381221466079,12.6508352234992,"Ramlibacter","bac","Bacteria","Proteobacteria","Betaproteobacteria","Burkholderiales","Comamonadaceae","Ramlibacter","bac",0,0,0,0
"Ramophialophora",-7.88891314060851,10.3970584975791,"Ramophialophora","fun","Fungi","Ascomycota","Sordariomycetes","Sordariales","Sordariales_fam_Incertae_sedis","Ramophialophora","fun",1,0.666666666666667,0,1
"Reyranella",-17.313494052884,-8.51337061749276,"Reyranella","bac","Bacteria","Proteobacteria","Alphaproteobacteria","Rhodospirillales","Unassigned","Reyranella","bac",0,0,0,0
"Rhizobium",9.06758482490074,17.4019525047418,"Rhizobium","bac","Bacteria","Proteobacteria","Alphaproteobacteria","Rhizobiales","Rhizobiaceae","Rhizobium","bac",0,0,0,0
"Rhizomicrobium",12.4696180737274,15.0884822944871,"Rhizomicrobium","bac","Bacteria","Proteobacteria","Alphaproteobacteria","Alphaproteobacteria_incertae_sedis","Unassigned","Rhizomicrobium","bac",0,0,0,0
"Rhodanobacter",-12.1627963951778,-7.48135034528255,"Rhodanobacter","bac","Bacteria","Proteobacteria","Gammaproteobacteria","Xanthomonadales","Xanthomonadaceae","Rhodanobacter","bac",5,0.361111111111111,336.765416788165,5
"Rhodoplanes",-0.697088435433666,-11.0337717011033,"Rhodoplanes","bac","Bacteria","Proteobacteria","Alphaproteobacteria","Rhizobiales","Hyphomicrobiaceae","Rhodoplanes","bac",3,0.318627450980392,59.111879902452,3
"Rhodotorula",19.7443535775332,1.50039679718266,"Rhodotorula","fun","Fungi","Basidiomycota","Microbotryomycetes","Sporidiobolales","Sporidiobolaceae","Rhodotorula","fun",0,0,0,0
"Rosulabryum",-17.9719832506439,-2.94039845007695,"Rosulabryum","fun","Viridiplantae","Bryophyta","Bryopsida","Bryales","Bryaceae","Rosulabryum","fun",1,1,0,1
"Rudaea",-7.25011024588749,-6.67632161305756,"Rudaea","bac","Bacteria","Proteobacteria","Gammaproteobacteria","Xanthomonadales","Xanthomonadaceae","Rudaea","bac",3,0.3125,125.182882445301,3
"Saccharibacteria_genera_incertae_sedis",-9.4828416273751,-18.9724564869389,"Saccharibacteria_genera_incertae_sedis","bac","Bacteria","Candidatus_Saccharibacteria","Unassigned","Unassigned","Unassigned","Saccharibacteria_genera_incertae_sedis","bac",0,0,0,0
"Sagenomella",9.61645659824875,6.25400959014122,"Sagenomella","fun","Fungi","Ascomycota","Eurotiomycetes","Eurotiales","Trichocomaceae","Sagenomella","fun",4,0.275423728813559,74.2271524927749,4
"Saitozyma",20.7916875378964,4.4882531314194,"Saitozyma","fun","Fungi","Basidiomycota","Tremellomycetes","Tremellales","Trimorphomycetaceae","Saitozyma","fun",0,0,0,0
"Scenedesmus",-6.63106084943075,-11.7367602194106,"Scenedesmus","fun","Viridiplantae","Chlorophyta","Unassigned","Unassigned","Unassigned","Scenedesmus","fun",1,0.237226277372263,0,1
"Scopulariopsis",0.561415124106777,3.21884025767794,"Scopulariopsis","fun","Fungi","Ascomycota","Sordariomycetes","Microascales","Microascaceae","Scopulariopsis","fun",12,0.386904761904762,482.103526228291,12
"Scytalidium",7.726917955377,2.73091171888121,"Scytalidium","fun","Fungi","Ascomycota","Leotiomycetes","Helotiales","Helotiaceae","Scytalidium","fun",3,0.246212121212121,83.1281965836733,3
"Sediminibacterium",-11.2648419728965,3.87293163792011,"Sediminibacterium","bac","Bacteria","Bacteroidetes","Sphingobacteriia","Sphingobacteriales","Chitinophagaceae","Sediminibacterium","bac",1,0.233812949640288,0,1
"Skermanella",-1.37199511012117,-4.79724382527376,"Skermanella","bac","Bacteria","Proteobacteria","Alphaproteobacteria","Rhodospirillales","Rhodospirillaceae","Skermanella","bac",4,0.321782178217822,116.371828843797,4
"Solitalea",16.3582391054847,-3.12621523566073,"Solitalea","bac","Bacteria","Bacteroidetes","Sphingobacteriia","Sphingobacteriales","Sphingobacteriaceae","Solitalea","bac",1,1,0,1
"Spartobacteria_genera_incertae_sedis",-9.44350418065913,-0.185101292705399,"Spartobacteria_genera_incertae_sedis","bac","Bacteria","Verrucomicrobia","Spartobacteria","Unassigned","Unassigned","Spartobacteria_genera_incertae_sedis","bac",2,0.235507246376812,14.1359270040304,2
"Sphingobium",-3.36377733337328,-2.89492530107015,"Sphingobium","bac","Bacteria","Proteobacteria","Alphaproteobacteria","Sphingomonadales","Sphingomonadaceae","Sphingobium","bac",4,0.338541666666667,158.17680545132,4
"Sphingomonas",11.4112608987299,-3.78830259448146,"Sphingomonas","bac","Bacteria","Proteobacteria","Alphaproteobacteria","Sphingomonadales","Sphingomonadaceae","Sphingomonas","bac",1,0.246212121212121,0,1
"Staphylotrichum",-2.38223168470322,7.26026894548064,"Staphylotrichum","fun","Fungi","Ascomycota","Sordariomycetes","Sordariales","Sordariales_fam_Incertae_sedis","Staphylotrichum","fun",1,0.666666666666667,0,1
"Steroidobacter",6.61000492031822,18.4629513238678,"Steroidobacter","bac","Bacteria","Proteobacteria","Gammaproteobacteria","Xanthomonadales","Sinobacteraceae","Steroidobacter","bac",0,0,0,0
"Streptomyces",10.4288369485791,-18.5064403613592,"Streptomyces","bac","Bacteria","Actinobacteria","Actinobacteria","Actinomycetales","Streptomycetaceae","Streptomyces","bac",0,0,0,0
"Streptophyta",9.78440633786421,12.1355598555872,"Streptophyta","bac","Bacteria","Cyanobacteria","Chloroplast","Unassigned","Chloroplast","Streptophyta","bac",1,1,0,1
"Subdivision3_genera_incertae_sedis",19.1600673991514,7.68965648862988,"Subdivision3_genera_incertae_sedis","bac","Bacteria","Verrucomicrobia","Subdivision3","Unassigned","Unassigned","Subdivision3_genera_incertae_sedis","bac",0,0,0,0
"Sulfuricella",10.3624200751056,3.15731623477867,"Sulfuricella","bac","Bacteria","Proteobacteria","Betaproteobacteria","Sulfuricellales","Sulfuricellaceae","Sulfuricella","bac",3,0.292792792792793,87.195204432354,3
"Talaromyces",-20.9202603446939,4.67201130410225,"Talaromyces","fun","Fungi","Ascomycota","Eurotiomycetes","Eurotiales","Trichocomaceae","Talaromyces","fun",0,0,0,0
"Telmatobacter",18.5819741336852,10.8025333051762,"Telmatobacter","bac","Bacteria","Acidobacteria","Acidobacteria_Gp1","Unassigned","Unassigned","Telmatobacter","bac",0,0,0,0
"Terrimonas",-20.6128374726774,-4.44955270114859,"Terrimonas","bac","Bacteria","Bacteroidetes","Sphingobacteriia","Sphingobacteriales","Chitinophagaceae","Terrimonas","bac",0,0,0,0
"Tetracystis",12.20250067872,-15.2272069700495,"Tetracystis","fun","Viridiplantae","Chlorophyta","Chlorophyceae","Chlamydomonadales","Chlorococcaceae","Tetracystis","fun",1,1,0,1
"Tetrahymena",-20.9541674600943,0.554825140405023,"Tetrahymena","fun","Alveolata","Ciliophora","Oligohymenophorea","Hymenostomatida","Tetrahymenidae","Tetrahymena","fun",0,0,0,0
"Thaumatomonas",-12.9244970723427,-15.9601845837445,"Thaumatomonas","fun","Rhizaria","Cercozoa","Cercozoa_cls_Incertae_sedis","Thaumatomonadida","Thaumatomastigidae","Thaumatomonas","fun",0,0,0,0
"Thermogutta",21.2689104693132,-2.66803859862812,"Thermogutta","bac","Bacteria","Planctomycetes","Planctomycetia","Planctomycetales","Planctomycetaceae","Thermogutta","bac",0,0,0,0
"Thiobacillus",-0.217617733619393,-1.9787969141911,"Thiobacillus","bac","Bacteria","Proteobacteria","Betaproteobacteria","Hydrogenophilales","Hydrogenophilaceae","Thiobacillus","bac",2,0.295454545454545,5.70517917284104,2
"Trebouxia",-6.56151798207985,-19.8644712631964,"Trebouxia","fun","Viridiplantae","Chlorophyta","Trebouxiophyceae","Trebouxiales","Trebouxiaceae","Trebouxia","fun",0,0,0,0
"Trichocladium",0.528456211265971,20.1100489055117,"Trichocladium","fun","Fungi","Ascomycota","Sordariomycetes","Sordariales","Chaetomiaceae","Trichocladium","fun",0,0,0,0
"Trichoderma",2.86691619146963,8.79273443990169,"Trichoderma","fun","Fungi","Ascomycota","Sordariomycetes","Hypocreales","Hypocreaceae","Trichoderma","fun",3,0.8,5,3
"Tylenchorhynchus",1.70394932592642,-15.4623337004992,"Tylenchorhynchus","fun","Metazoa","Nematoda","Chromadorea","Rhabditida","Telotylenchidae","Tylenchorhynchus","fun",5,0.26,202.139983176812,5
"Unassigned",10.6411547160168,-12.1208277504921,"Unassigned","bac","Bacteria","Unassigned","Unassigned","Unassigned","Unassigned","Unassigned","bac",1,1,0,1
"Variovorax",-12.5756674797586,1.15010413547906,"Variovorax","bac","Bacteria","Proteobacteria","Betaproteobacteria","Burkholderiales","Comamonadaceae","Variovorax","bac",2,0.235507246376812,64,2
"Vorticella",21.5537321710584,-0.0135011940156402,"Vorticella","fun","Alveolata","Ciliophora","Oligohymenophorea","Oligohymenophorea_ord_Incertae_sedis","Vorticellidae","Vorticella","fun",0,0,0,0
"WPS-1_genera_incertae_sedis",-2.96879322304153,-14.4539914309417,"WPS-1_genera_incertae_sedis","bac","Bacteria","candidate_division_WPS-1","Unassigned","Unassigned","Unassigned","WPS-1_genera_incertae_sedis","bac",1,0.207006369426752,0,1
"Zopfiella",1.70121876316335,-20.4640019912115,"Zopfiella","fun","Fungi","Ascomycota","Sordariomycetes","Sordariales","Chaetomiaceae","Zopfiella","fun",0,0,0,0
