"","ID","group","degree"
"1","fun_ASV_246",40,35
"2","fun_ASV_770",40,33
"3","fun_ASV_939",40,30
"4","fun_ASV_233",41,22
"5","fun_ASV_76",43,22
"6","fun_ASV_268",19,19
"7","fun_ASV_256",19,15
"8","fun_ASV_203",19,14
"9","fun_ASV_489",40,14
"10","fun_ASV_311",19,14
"11","fun_ASV_112",43,14
"12","fun_ASV_174",43,14
"13","bac_ASV_206",40,13
"14","fun_ASV_68",19,13
"15","fun_ASV_135",40,13
"16","bac_ASV_815",19,12
"17","bac_ASV_313",19,12
"18","fun_ASV_677",43,12
"19","bac_ASV_134",43,11
"20","fun_ASV_317",40,11
"21","bac_ASV_3",19,10
"22","bac_ASV_1207",19,10
"23","fun_ASV_689",19,10
"24","fun_ASV_608",40,10
"25","fun_ASV_840",40,10
"26","bac_ASV_178",40,9
"27","bac_ASV_1054",40,9
"28","fun_ASV_45",41,9
"29","fun_ASV_698",43,9
"30","fun_ASV_334",44,9
"31","fun_ASV_122",41,9
"32","fun_ASV_847",40,9
"33","fun_ASV_314",40,9
"34","bac_ASV_161",19,8
"35","bac_ASV_362",44,8
"36","bac_ASV_12",19,8
"37","bac_ASV_277",40,8
"38","bac_ASV_451",44,8
"39","fun_ASV_36",19,8
"40","fun_ASV_454",43,8
"41","fun_ASV_237",41,8
"42","fun_ASV_8",1,8
"43","bac_ASV_1489",40,7
"44","bac_ASV_923",40,7
"45","bac_ASV_244",40,7
"46","bac_ASV_1128",43,7
"47","bac_ASV_92",40,7
"48","fun_ASV_3",42,7
"49","fun_ASV_422",41,7
"50","fun_ASV_5",18,7
"51","fun_ASV_158",19,7
"52","fun_ASV_735",23,7
"53","fun_ASV_546",43,7
"54","fun_ASV_578",40,7
"55","bac_ASV_651",40,6
"56","bac_ASV_407",43,6
"57","bac_ASV_424",41,6
"58","bac_ASV_707",40,6
"59","bac_ASV_189",43,6
"60","bac_ASV_213",41,6
"61","bac_ASV_1300",40,6
"62","bac_ASV_235",40,6
"63","fun_ASV_810",40,6
"64","fun_ASV_103",8,6
"65","fun_ASV_910",40,6
"66","fun_ASV_453",44,6
"67","bac_ASV_345",43,5
"68","bac_ASV_143",40,5
"69","bac_ASV_542",40,5
"70","bac_ASV_364",43,5
"71","bac_ASV_130",19,5
"72","bac_ASV_77",40,5
"73","bac_ASV_290",40,5
"74","bac_ASV_135",40,5
"75","bac_ASV_323",19,5
"76","bac_ASV_75",40,5
"77","bac_ASV_152",19,5
"78","bac_ASV_608",19,5
"79","bac_ASV_59",43,5
"80","bac_ASV_775",41,5
"81","bac_ASV_1835",44,5
"82","fun_ASV_297",43,5
"83","fun_ASV_428",43,5
"84","fun_ASV_538",1,5
"85","fun_ASV_472",41,5
"86","fun_ASV_702",43,5
"87","fun_ASV_868",40,5
"88","bac_ASV_581",19,4
"89","bac_ASV_227",44,4
"90","bac_ASV_201",42,4
"91","bac_ASV_912",40,4
"92","bac_ASV_34",19,4
"93","bac_ASV_42",44,4
"94","bac_ASV_970",19,4
"95","bac_ASV_217",43,4
"96","bac_ASV_229",44,4
"97","bac_ASV_232",17,4
"98","bac_ASV_48",40,4
"99","bac_ASV_17",18,4
"100","bac_ASV_332",40,4
"101","bac_ASV_32",18,4
"102","bac_ASV_425",40,4
"103","bac_ASV_568",43,4
"104","bac_ASV_878",40,4
"105","bac_ASV_228",40,4
"106","bac_ASV_11",40,4
"107","bac_ASV_387",19,4
"108","bac_ASV_459",43,4
"109","bac_ASV_309",41,4
"110","bac_ASV_29",43,4
"111","bac_ASV_468",43,4
"112","bac_ASV_930",40,4
"113","bac_ASV_965",40,4
"114","bac_ASV_324",18,4
"115","fun_ASV_225",41,4
"116","fun_ASV_257",19,4
"117","fun_ASV_20",44,4
"118","fun_ASV_661",44,4
"119","fun_ASV_1374",19,4
"120","fun_ASV_37",43,4
"121","fun_ASV_349",42,4
"122","fun_ASV_28",8,4
"123","fun_ASV_72",8,4
"124","fun_ASV_839",19,4
"125","fun_ASV_85",40,4
"126","fun_ASV_635",44,4
"127","fun_ASV_171",40,4
"128","fun_ASV_296",7,4
"129","fun_ASV_186",44,4
"130","fun_ASV_40",40,4
"131","bac_ASV_513",44,3
"132","bac_ASV_307",8,3
"133","bac_ASV_129",44,3
"134","bac_ASV_623",44,3
"135","bac_ASV_6",41,3
"136","bac_ASV_142",1,3
"137","bac_ASV_253",44,3
"138","bac_ASV_312",42,3
"139","bac_ASV_182",1,3
"140","bac_ASV_133",40,3
"141","bac_ASV_630",43,3
"142","bac_ASV_79",40,3
"143","bac_ASV_47",1,3
"144","bac_ASV_185",43,3
"145","bac_ASV_359",42,3
"146","bac_ASV_139",40,3
"147","bac_ASV_273",40,3
"148","bac_ASV_326",43,3
"149","bac_ASV_1417",1,3
"150","bac_ASV_812",44,3
"151","bac_ASV_735",40,3
"152","bac_ASV_207",19,3
"153","bac_ASV_420",8,3
"154","bac_ASV_397",43,3
"155","bac_ASV_460",1,3
"156","bac_ASV_521",40,3
"157","bac_ASV_1841",41,3
"158","bac_ASV_103",19,3
"159","bac_ASV_466",41,3
"160","bac_ASV_1",43,3
"161","bac_ASV_619",41,3
"162","bac_ASV_16",42,3
"163","bac_ASV_204",43,3
"164","bac_ASV_44",40,3
"165","bac_ASV_88",40,3
"166","fun_ASV_116",44,3
"167","fun_ASV_138",43,3
"168","fun_ASV_258",43,3
"169","fun_ASV_24",44,3
"170","fun_ASV_100",40,3
"171","fun_ASV_751",33,3
"172","fun_ASV_763",40,3
"173","fun_ASV_338",40,3
"174","fun_ASV_406",1,3
"175","fun_ASV_148",25,3
"176","fun_ASV_34",44,3
"177","fun_ASV_402",42,3
"178","fun_ASV_145",42,3
"179","fun_ASV_478",26,3
"180","fun_ASV_933",1,3
"181","fun_ASV_121",9,3
"182","fun_ASV_595",42,3
"183","fun_ASV_260",44,3
"184","bac_ASV_782",44,2
"185","bac_ASV_874",44,2
"186","bac_ASV_190",19,2
"187","bac_ASV_202",42,2
"188","bac_ASV_1159",41,2
"189","bac_ASV_1172",41,2
"190","bac_ASV_842",42,2
"191","bac_ASV_255",43,2
"192","bac_ASV_772",41,2
"193","bac_ASV_242",40,2
"194","bac_ASV_440",41,2
"195","bac_ASV_52",40,2
"196","bac_ASV_39",43,2
"197","bac_ASV_62",19,2
"198","bac_ASV_113",44,2
"199","bac_ASV_589",41,2
"200","bac_ASV_804",42,2
"201","bac_ASV_1292",1,2
"202","bac_ASV_53",40,2
"203","bac_ASV_386",43,2
"204","bac_ASV_322",1,2
"205","bac_ASV_205",44,2
"206","bac_ASV_30",1,2
"207","bac_ASV_342",19,2
"208","bac_ASV_963",40,2
"209","bac_ASV_240",42,2
"210","bac_ASV_840",41,2
"211","bac_ASV_1339",41,2
"212","bac_ASV_122",7,2
"213","bac_ASV_373",43,2
"214","bac_ASV_258",40,2
"215","bac_ASV_329",40,2
"216","bac_ASV_294",42,2
"217","bac_ASV_565",44,2
"218","bac_ASV_714",8,2
"219","bac_ASV_819",33,2
"220","bac_ASV_60",9,2
"221","bac_ASV_1228",9,2
"222","bac_ASV_682",24,2
"223","bac_ASV_50",43,2
"224","bac_ASV_45",7,2
"225","bac_ASV_334",19,2
"226","bac_ASV_1038",40,2
"227","bac_ASV_104",43,2
"228","bac_ASV_71",12,2
"229","bac_ASV_472",43,2
"230","bac_ASV_599",19,2
"231","bac_ASV_370",43,2
"232","bac_ASV_4",44,2
"233","bac_ASV_1032",41,2
"234","bac_ASV_292",41,2
"235","bac_ASV_169",41,2
"236","bac_ASV_272",44,2
"237","bac_ASV_188",40,2
"238","bac_ASV_19",8,2
"239","bac_ASV_156",41,2
"240","bac_ASV_348",41,2
"241","bac_ASV_350",33,2
"242","bac_ASV_617",40,2
"243","bac_ASV_278",43,2
"244","bac_ASV_546",40,2
"245","bac_ASV_903",41,2
"246","fun_ASV_419",36,2
"247","fun_ASV_787",40,2
"248","fun_ASV_631",42,2
"249","fun_ASV_925",42,2
"250","fun_ASV_247",42,2
"251","fun_ASV_241",40,2
"252","fun_ASV_459",43,2
"253","fun_ASV_747",41,2
"254","fun_ASV_99",40,2
"255","fun_ASV_267",40,2
"256","fun_ASV_176",1,2
"257","fun_ASV_529",44,2
"258","fun_ASV_731",44,2
"259","fun_ASV_151",40,2
"260","fun_ASV_593",42,2
"261","fun_ASV_290",42,2
"262","fun_ASV_33",16,2
"263","fun_ASV_16",1,2
"264","fun_ASV_56",44,2
"265","fun_ASV_196",17,2
"266","fun_ASV_708",9,2
"267","fun_ASV_1003",29,2
"268","fun_ASV_213",33,2
"269","fun_ASV_703",32,2
"270","fun_ASV_802",7,2
"271","fun_ASV_251",33,2
"272","bac_ASV_223",39,1
"273","bac_ASV_508",11,1
"274","bac_ASV_1129",23,1
"275","bac_ASV_361",42,1
"276","bac_ASV_63",1,1
"277","bac_ASV_492",43,1
"278","bac_ASV_535",7,1
"279","bac_ASV_798",40,1
"280","bac_ASV_93",32,1
"281","bac_ASV_80",34,1
"282","bac_ASV_187",23,1
"283","bac_ASV_197",10,1
"284","bac_ASV_21",19,1
"285","bac_ASV_85",41,1
"286","bac_ASV_84",6,1
"287","bac_ASV_733",26,1
"288","bac_ASV_661",40,1
"289","bac_ASV_279",19,1
"290","bac_ASV_380",1,1
"291","bac_ASV_400",40,1
"292","bac_ASV_173",43,1
"293","bac_ASV_58",22,1
"294","bac_ASV_455",42,1
"295","bac_ASV_1116",8,1
"296","bac_ASV_310",40,1
"297","bac_ASV_1168",43,1
"298","bac_ASV_421",41,1
"299","bac_ASV_99",19,1
"300","bac_ASV_116",27,1
"301","bac_ASV_141",28,1
"302","bac_ASV_503",43,1
"303","bac_ASV_148",43,1
"304","bac_ASV_46",8,1
"305","bac_ASV_35",30,1
"306","bac_ASV_276",8,1
"307","bac_ASV_301",1,1
"308","bac_ASV_757",41,1
"309","bac_ASV_268",43,1
"310","bac_ASV_526",43,1
"311","bac_ASV_1584",19,1
"312","bac_ASV_972",25,1
"313","bac_ASV_305",20,1
"314","bac_ASV_398",2,1
"315","bac_ASV_247",16,1
"316","bac_ASV_159",23,1
"317","bac_ASV_476",40,1
"318","bac_ASV_49",17,1
"319","bac_ASV_61",41,1
"320","bac_ASV_107",19,1
"321","bac_ASV_423",43,1
"322","bac_ASV_132",43,1
"323","bac_ASV_413",32,1
"324","bac_ASV_210",19,1
"325","bac_ASV_1512",21,1
"326","bac_ASV_442",43,1
"327","bac_ASV_905",35,1
"328","bac_ASV_339",44,1
"329","bac_ASV_224",26,1
"330","bac_ASV_87",9,1
"331","bac_ASV_218",23,1
"332","bac_ASV_65",23,1
"333","bac_ASV_208",25,1
"334","bac_ASV_149",8,1
"335","bac_ASV_473",36,1
"336","bac_ASV_82",40,1
"337","bac_ASV_20",29,1
"338","bac_ASV_1709",29,1
"339","bac_ASV_55",9,1
"340","bac_ASV_493",23,1
"341","bac_ASV_377",42,1
"342","bac_ASV_28",40,1
"343","bac_ASV_83",14,1
"344","bac_ASV_304",13,1
"345","bac_ASV_194",31,1
"346","bac_ASV_69",3,1
"347","bac_ASV_38",1,1
"348","bac_ASV_33",38,1
"349","bac_ASV_643",44,1
"350","bac_ASV_158",43,1
"351","bac_ASV_76",7,1
"352","bac_ASV_1337",33,1
"353","bac_ASV_327",42,1
"354","bac_ASV_729",42,1
"355","bac_ASV_540",40,1
"356","bac_ASV_846",15,1
"357","bac_ASV_587",8,1
"358","bac_ASV_165",37,1
"359","bac_ASV_1603",33,1
"360","bac_ASV_128",43,1
"361","bac_ASV_101",44,1
"362","bac_ASV_384",33,1
"363","bac_ASV_372",25,1
"364","bac_ASV_388",40,1
"365","bac_ASV_308",42,1
"366","bac_ASV_252",5,1
"367","bac_ASV_942",4,1
"368","bac_ASV_1180",41,1
"369","bac_ASV_790",43,1
"370","bac_ASV_1025",41,1
"371","bac_ASV_179",43,1
"372","bac_ASV_721",1,1
"373","bac_ASV_731",19,1
"374","bac_ASV_576",36,1
"375","bac_ASV_1722",16,1
"376","bac_ASV_799",40,1
"377","bac_ASV_725",26,1
"378","bac_ASV_316",18,1
"379","fun_ASV_405",6,1
"380","fun_ASV_628",40,1
"381","fun_ASV_155",9,1
"382","fun_ASV_59",13,1
"383","fun_ASV_141",1,1
"384","fun_ASV_189",22,1
"385","fun_ASV_586",21,1
"386","fun_ASV_51",43,1
"387","fun_ASV_123",43,1
"388","fun_ASV_104",31,1
"389","fun_ASV_154",28,1
"390","fun_ASV_167",3,1
"391","fun_ASV_439",8,1
"392","fun_ASV_4",39,1
"393","fun_ASV_709",15,1
"394","fun_ASV_273",41,1
"395","fun_ASV_1021",7,1
"396","fun_ASV_601",44,1
"397","fun_ASV_548",30,1
"398","fun_ASV_120",2,1
"399","fun_ASV_393",20,1
"400","fun_ASV_42",24,1
"401","fun_ASV_620",10,1
"402","fun_ASV_674",44,1
"403","fun_ASV_274",35,1
"404","fun_ASV_17",42,1
"405","fun_ASV_764",38,1
"406","fun_ASV_95",12,1
"407","fun_ASV_82",12,1
"408","fun_ASV_849",24,1
"409","fun_ASV_330",27,1
"410","fun_ASV_168",11,1
"411","fun_ASV_603",41,1
"412","fun_ASV_69",41,1
"413","fun_ASV_86",5,1
"414","fun_ASV_283",44,1
"415","fun_ASV_58",14,1
"416","fun_ASV_743",37,1
"417","fun_ASV_773",40,1
"418","fun_ASV_25",34,1
"419","fun_ASV_230",44,1
"420","fun_ASV_425",1,1
"421","fun_ASV_954",4,1
"422","fun_ASV_270",40,1
"423","bac_ASV_137",34,0
"424","bac_ASV_24",39,0
"425","bac_ASV_183",10,0
"426","bac_ASV_674",22,0
"427","bac_ASV_320",25,0
"428","bac_ASV_105",39,0
"429","bac_ASV_352",37,0
"430","bac_ASV_136",39,0
"431","bac_ASV_328",39,0
"432","bac_ASV_858",2,0
"433","bac_ASV_403",4,0
"434","bac_ASV_124",39,0
"435","bac_ASV_22",39,0
"436","bac_ASV_86",35,0
"437","bac_ASV_378",39,0
"438","bac_ASV_226",39,0
"439","bac_ASV_288",27,0
"440","bac_ASV_672",14,0
"441","bac_ASV_118",39,0
"442","bac_ASV_369",39,0
"443","bac_ASV_267",12,0
"444","bac_ASV_5",4,0
"445","bac_ASV_394",34,0
"446","bac_ASV_694",39,0
"447","bac_ASV_162",39,0
"448","bac_ASV_484",30,0
"449","bac_ASV_221",12,0
"450","bac_ASV_1198",39,0
"451","bac_ASV_641",39,0
"452","bac_ASV_502",3,0
"453","bac_ASV_1301",39,0
"454","bac_ASV_296",39,0
"455","bac_ASV_13",39,0
"456","bac_ASV_222",39,0
"457","bac_ASV_389",10,0
"458","bac_ASV_127",39,0
"459","bac_ASV_536",14,0
"460","bac_ASV_497",39,0
"461","bac_ASV_318",39,0
"462","bac_ASV_163",39,0
"463","bac_ASV_144",39,0
"464","bac_ASV_415",39,0
"465","bac_ASV_18",39,0
"466","bac_ASV_2",38,0
"467","bac_ASV_1138",39,0
"468","bac_ASV_336",37,0
"469","bac_ASV_625",39,0
"470","bac_ASV_23",5,0
"471","bac_ASV_72",35,0
"472","bac_ASV_376",39,0
"473","bac_ASV_762",39,0
"474","bac_ASV_131",20,0
"475","bac_ASV_117",39,0
"476","bac_ASV_157",39,0
"477","bac_ASV_54",39,0
"478","bac_ASV_1048",39,0
"479","bac_ASV_41",39,0
"480","bac_ASV_74",29,0
"481","bac_ASV_298",39,0
"482","bac_ASV_153",39,0
"483","bac_ASV_822",39,0
"484","bac_ASV_338",22,0
"485","bac_ASV_25",22,0
"486","bac_ASV_114",11,0
"487","bac_ASV_381",22,0
"488","bac_ASV_456",22,0
"489","bac_ASV_1378",22,0
"490","bac_ASV_375",22,0
"491","bac_ASV_191",22,0
"492","bac_ASV_596",39,0
"493","bac_ASV_174",39,0
"494","bac_ASV_657",39,0
"495","bac_ASV_283",39,0
"496","bac_ASV_921",39,0
"497","bac_ASV_40",39,0
"498","bac_ASV_96",39,0
"499","bac_ASV_109",39,0
"500","bac_ASV_78",39,0
"501","bac_ASV_346",39,0
"502","bac_ASV_230",39,0
"503","bac_ASV_199",36,0
"504","bac_ASV_10",39,0
"505","bac_ASV_1938",35,0
"506","bac_ASV_246",39,0
"507","bac_ASV_964",39,0
"508","bac_ASV_558",39,0
"509","bac_ASV_1341",34,0
"510","bac_ASV_1192",26,0
"511","bac_ASV_73",39,0
"512","bac_ASV_417",39,0
"513","bac_ASV_66",39,0
"514","bac_ASV_763",39,0
"515","bac_ASV_547",39,0
"516","bac_ASV_507",39,0
"517","bac_ASV_1100",39,0
"518","bac_ASV_555",39,0
"519","bac_ASV_416",39,0
"520","bac_ASV_1197",39,0
"521","bac_ASV_119",39,0
"522","bac_ASV_572",39,0
"523","bac_ASV_680",39,0
"524","bac_ASV_196",39,0
"525","bac_ASV_646",39,0
"526","bac_ASV_655",22,0
"527","bac_ASV_1222",39,0
"528","bac_ASV_286",16,0
"529","bac_ASV_723",33,0
"530","bac_ASV_614",39,0
"531","bac_ASV_193",39,0
"532","bac_ASV_219",39,0
"533","bac_ASV_155",39,0
"534","bac_ASV_866",22,0
"535","bac_ASV_70",22,0
"536","bac_ASV_462",22,0
"537","bac_ASV_1519",39,0
"538","bac_ASV_1195",39,0
"539","bac_ASV_266",22,0
"540","bac_ASV_265",39,0
"541","bac_ASV_9",22,0
"542","bac_ASV_94",22,0
"543","bac_ASV_433",39,0
"544","bac_ASV_249",22,0
"545","bac_ASV_111",22,0
"546","bac_ASV_299",22,0
"547","bac_ASV_180",22,0
"548","bac_ASV_51",39,0
"549","bac_ASV_67",39,0
"550","bac_ASV_409",39,0
"551","bac_ASV_363",22,0
"552","bac_ASV_445",22,0
"553","bac_ASV_7",39,0
"554","bac_ASV_138",39,0
"555","bac_ASV_36",39,0
"556","bac_ASV_390",39,0
"557","bac_ASV_489",39,0
"558","bac_ASV_358",39,0
"559","bac_ASV_495",39,0
"560","bac_ASV_883",39,0
"561","bac_ASV_31",39,0
"562","bac_ASV_81",39,0
"563","bac_ASV_245",39,0
"564","bac_ASV_347",39,0
"565","bac_ASV_239",39,0
"566","bac_ASV_404",39,0
"567","bac_ASV_106",6,0
"568","bac_ASV_1216",3,0
"569","bac_ASV_562",39,0
"570","bac_ASV_855",32,0
"571","bac_ASV_284",20,0
"572","bac_ASV_653",5,0
"573","bac_ASV_716",31,0
"574","bac_ASV_678",39,0
"575","bac_ASV_57",39,0
"576","bac_ASV_293",39,0
"577","bac_ASV_808",39,0
"578","bac_ASV_297",39,0
"579","bac_ASV_494",39,0
"580","bac_ASV_145",30,0
"581","bac_ASV_64",22,0
"582","bac_ASV_477",22,0
"583","bac_ASV_418",39,0
"584","bac_ASV_300",15,0
"585","bac_ASV_399",12,0
"586","bac_ASV_368",29,0
"587","bac_ASV_1051",39,0
"588","bac_ASV_302",39,0
"589","bac_ASV_125",22,0
"590","bac_ASV_68",22,0
"591","bac_ASV_1305",27,0
"592","bac_ASV_428",14,0
"593","bac_ASV_522",39,0
"594","bac_ASV_414",39,0
"595","bac_ASV_504",39,0
"596","bac_ASV_498",39,0
"597","bac_ASV_474",39,0
"598","bac_ASV_95",39,0
"599","bac_ASV_123",22,0
"600","bac_ASV_192",10,0
"601","bac_ASV_211",39,0
"602","bac_ASV_220",39,0
"603","bac_ASV_447",39,0
"604","bac_ASV_624",39,0
"605","bac_ASV_291",39,0
"606","bac_ASV_564",22,0
"607","bac_ASV_282",39,0
"608","bac_ASV_573",22,0
"609","bac_ASV_524",11,0
"610","bac_ASV_488",39,0
"611","bac_ASV_1402",22,0
"612","bac_ASV_1018",39,0
"613","bac_ASV_248",22,0
"614","bac_ASV_280",39,0
"615","bac_ASV_356",39,0
"616","bac_ASV_15",39,0
"617","bac_ASV_171",39,0
"618","bac_ASV_27",39,0
"619","bac_ASV_341",39,0
"620","bac_ASV_366",39,0
"621","bac_ASV_186",39,0
"622","bac_ASV_650",39,0
"623","bac_ASV_164",39,0
"624","bac_ASV_262",39,0
"625","bac_ASV_670",39,0
"626","bac_ASV_140",39,0
"627","bac_ASV_214",39,0
"628","bac_ASV_314",39,0
"629","bac_ASV_471",22,0
"630","bac_ASV_151",39,0
"631","bac_ASV_26",39,0
"632","bac_ASV_1068",39,0
"633","bac_ASV_1102",39,0
"634","bac_ASV_580",39,0
"635","bac_ASV_609",39,0
"636","bac_ASV_1295",39,0
"637","bac_ASV_200",22,0
"638","bac_ASV_693",39,0
"639","bac_ASV_263",39,0
"640","bac_ASV_556",39,0
"641","bac_ASV_1111",39,0
"642","bac_ASV_170",22,0
"643","bac_ASV_843",39,0
"644","bac_ASV_1245",39,0
"645","bac_ASV_663",39,0
"646","bac_ASV_367",28,0
"647","bac_ASV_683",39,0
"648","bac_ASV_454",22,0
"649","bac_ASV_814",39,0
"650","fun_ASV_520",39,0
"651","fun_ASV_1069",39,0
"652","fun_ASV_652",39,0
"653","fun_ASV_146",39,0
"654","fun_ASV_91",39,0
"655","fun_ASV_1024",39,0
"656","fun_ASV_614",39,0
"657","fun_ASV_38",39,0
"658","fun_ASV_761",39,0
"659","fun_ASV_134",39,0
"660","fun_ASV_152",39,0
"661","fun_ASV_254",39,0
"662","fun_ASV_53",39,0
"663","fun_ASV_289",39,0
"664","fun_ASV_231",39,0
"665","fun_ASV_654",39,0
"666","fun_ASV_249",39,0
"667","fun_ASV_188",39,0
"668","fun_ASV_264",39,0
"669","fun_ASV_1124",39,0
"670","fun_ASV_197",39,0
"671","fun_ASV_73",39,0
"672","fun_ASV_117",39,0
"673","fun_ASV_307",39,0
"674","fun_ASV_62",39,0
"675","fun_ASV_65",39,0
"676","fun_ASV_596",39,0
"677","fun_ASV_89",39,0
"678","fun_ASV_566",39,0
"679","fun_ASV_522",39,0
"680","fun_ASV_162",39,0
"681","fun_ASV_904",39,0
"682","fun_ASV_1092",39,0
"683","fun_ASV_161",39,0
"684","fun_ASV_377",39,0
"685","fun_ASV_508",39,0
"686","fun_ASV_474",39,0
"687","fun_ASV_983",39,0
"688","fun_ASV_375",39,0
"689","fun_ASV_732",39,0
"690","fun_ASV_106",39,0
"691","fun_ASV_643",39,0
"692","fun_ASV_105",39,0
"693","fun_ASV_190",39,0
"694","fun_ASV_170",39,0
"695","fun_ASV_98",39,0
"696","fun_ASV_519",39,0
"697","fun_ASV_1",39,0
"698","fun_ASV_577",39,0
"699","fun_ASV_346",39,0
"700","fun_ASV_403",39,0
"701","fun_ASV_431",39,0
"702","fun_ASV_107",39,0
"703","fun_ASV_512",39,0
"704","fun_ASV_940",39,0
"705","fun_ASV_742",39,0
"706","fun_ASV_211",39,0
"707","fun_ASV_119",39,0
"708","fun_ASV_309",39,0
"709","fun_ASV_191",39,0
"710","fun_ASV_602",39,0
"711","fun_ASV_934",39,0
"712","fun_ASV_15",39,0
"713","fun_ASV_618",39,0
"714","fun_ASV_611",39,0
"715","fun_ASV_248",39,0
"716","fun_ASV_320",39,0
"717","fun_ASV_202",39,0
"718","fun_ASV_142",39,0
"719","fun_ASV_259",39,0
"720","fun_ASV_149",39,0
"721","fun_ASV_389",39,0
"722","fun_ASV_207",39,0
"723","fun_ASV_169",39,0
"724","fun_ASV_1274",39,0
"725","fun_ASV_198",39,0
"726","fun_ASV_126",39,0
"727","fun_ASV_83",39,0
"728","fun_ASV_114",39,0
"729","fun_ASV_1429",39,0
"730","fun_ASV_275",39,0
"731","fun_ASV_46",39,0
"732","fun_ASV_319",39,0
"733","fun_ASV_125",39,0
"734","fun_ASV_29",39,0
"735","fun_ASV_410",39,0
"736","fun_ASV_760",39,0
"737","fun_ASV_78",39,0
"738","fun_ASV_935",39,0
"739","fun_ASV_80",39,0
"740","fun_ASV_316",39,0
"741","fun_ASV_629",39,0
"742","fun_ASV_363",39,0
"743","fun_ASV_227",27,0
"744","fun_ASV_183",26,0
"745","fun_ASV_321",25,0
"746","fun_ASV_113",24,0
"747","fun_ASV_382",4,0
"748","fun_ASV_79",23,0
"749","fun_ASV_27",7,0
"750","fun_ASV_31",22,0
"751","fun_ASV_640",21,0
"752","fun_ASV_236",20,0
"753","fun_ASV_49",19,0
"754","fun_ASV_102",9,0
"755","fun_ASV_433",8,0
"756","fun_ASV_222",18,0
"757","fun_ASV_118",17,0
"758","fun_ASV_266",2,0
"759","fun_ASV_326",16,0
"760","fun_ASV_66",2,0
"761","fun_ASV_217",15,0
"762","fun_ASV_531",2,0
"763","fun_ASV_192",14,0
"764","fun_ASV_591",22,0
"765","fun_ASV_464",13,0
"766","fun_ASV_581",12,0
"767","fun_ASV_328",2,0
"768","fun_ASV_52",11,0
"769","fun_ASV_132",10,0
"770","fun_ASV_516",22,0
"771","fun_ASV_606",22,0
"772","fun_ASV_111",9,0
"773","fun_ASV_769",5,0
"774","fun_ASV_178",8,0
"775","fun_ASV_378",2,0
"776","fun_ASV_351",2,0
"777","fun_ASV_632",2,0
"778","fun_ASV_150",2,0
"779","fun_ASV_136",7,0
"780","fun_ASV_212",2,0
"781","fun_ASV_280",2,0
"782","fun_ASV_245",2,0
"783","fun_ASV_226",2,0
"784","fun_ASV_362",6,0
"785","fun_ASV_515",2,0
"786","fun_ASV_110",22,0
"787","fun_ASV_215",22,0
"788","fun_ASV_13",2,0
"789","fun_ASV_293",1,0
"790","fun_ASV_638",22,0
"791","fun_ASV_642",2,0
"792","fun_ASV_166",22,0
"793","fun_ASV_931",2,0
"794","fun_ASV_646",22,0
"795","fun_ASV_807",22,0
"796","fun_ASV_809",22,0
"797","fun_ASV_279",39,0
"798","fun_ASV_308",2,0
"799","fun_ASV_483",22,0
"800","fun_ASV_592",22,0
"801","fun_ASV_436",5,0
"802","fun_ASV_235",22,0
"803","fun_ASV_244",22,0
"804","fun_ASV_854",22,0
"805","fun_ASV_561",22,0
"806","fun_ASV_590",22,0
"807","fun_ASV_513",2,0
"808","fun_ASV_354",2,0
"809","fun_ASV_23",2,0
"810","fun_ASV_395",2,0
"811","fun_ASV_324",22,0
"812","fun_ASV_392",2,0
"813","fun_ASV_228",2,0
"814","fun_ASV_356",39,0
"815","fun_ASV_695",22,0
"816","fun_ASV_543",22,0
"817","fun_ASV_757",2,0
"818","fun_ASV_265",22,0
"819","fun_ASV_574",4,0
"820","fun_ASV_600",2,0
"821","fun_ASV_277",22,0
"822","fun_ASV_487",2,0
"823","fun_ASV_310",2,0
"824","fun_ASV_218",2,0
"825","fun_ASV_271",22,0
"826","fun_ASV_383",2,0
"827","fun_ASV_502",22,0
"828","fun_ASV_507",22,0
"829","fun_ASV_299",2,0
"830","fun_ASV_503",39,0
"831","fun_ASV_255",22,0
"832","fun_ASV_463",22,0
"833","fun_ASV_563",39,0
"834","fun_ASV_315",22,0
"835","fun_ASV_921",22,0
"836","fun_ASV_371",22,0
"837","fun_ASV_2",2,0
"838","fun_ASV_365",22,0
"839","fun_ASV_131",22,0
"840","fun_ASV_1032",22,0
"841","fun_ASV_485",2,0
"842","fun_ASV_860",22,0
"843","fun_ASV_367",22,0
"844","fun_ASV_47",39,0
"845","fun_ASV_664",22,0
"846","fun_ASV_693",22,0
"847","fun_ASV_820",39,0
"848","fun_ASV_524",39,0
"849","fun_ASV_685",2,0
"850","fun_ASV_232",22,0
"851","fun_ASV_917",22,0
"852","fun_ASV_718",22,0
"853","fun_ASV_680",39,0
"854","fun_ASV_1360",39,0
"855","fun_ASV_722",39,0
"856","fun_ASV_359",39,0
"857","fun_ASV_457",22,0
"858","fun_ASV_462",39,0
"859","fun_ASV_201",39,0
"860","fun_ASV_361",22,0
"861","fun_ASV_44",2,0
"862","fun_ASV_605",39,0
"863","fun_ASV_216",22,0
"864","fun_ASV_559",22,0
"865","fun_ASV_471",39,0
"866","fun_ASV_322",22,0
"867","fun_ASV_872",2,0
"868","fun_ASV_564",22,0
"869","fun_ASV_710",22,0
"870","fun_ASV_421",22,0
"871","fun_ASV_720",39,0
"872","fun_ASV_679",39,0
"873","fun_ASV_370",2,0
"874","fun_ASV_540",22,0
"875","fun_ASV_242",22,0
"876","fun_ASV_10",22,0
"877","fun_ASV_147",39,0
"878","fun_ASV_143",39,0
"879","fun_ASV_115",22,0
"880","fun_ASV_67",22,0
"881","fun_ASV_39",22,0
"882","fun_ASV_19",22,0
"883","fun_ASV_70",22,0
"884","fun_ASV_7",22,0
"885","fun_ASV_250",22,0
"886","fun_ASV_165",39,0
"887","fun_ASV_187",39,0
"888","fun_ASV_6",22,0
"889","fun_ASV_127",22,0
"890","fun_ASV_447",39,0
"891","fun_ASV_491",39,0
"892","fun_ASV_32",22,0
"893","fun_ASV_690",39,0
"894","fun_ASV_523",22,0
"895","fun_ASV_721",22,0
"896","fun_ASV_181",22,0
"897","fun_ASV_683",22,0
"898","fun_ASV_688",39,0
"899","fun_ASV_397",22,0
"900","fun_ASV_305",39,0
"901","fun_ASV_1049",39,0
"902","fun_ASV_71",39,0
"903","fun_ASV_343",39,0
"904","fun_ASV_185",39,0
"905","fun_ASV_96",39,0
"906","fun_ASV_545",39,0
"907","fun_ASV_172",39,0
"908","fun_ASV_541",39,0
"909","fun_ASV_714",22,0
"910","fun_ASV_725",22,0
"911","fun_ASV_180",22,0
"912","fun_ASV_517",39,0
"913","fun_ASV_175",39,0
"914","fun_ASV_576",39,0
"915","fun_ASV_534",22,0
"916","fun_ASV_9",22,0
"917","fun_ASV_8309",22,0
"918","fun_ASV_41",22,0
"919","fun_ASV_84",39,0
"920","fun_ASV_560",39,0
"921","fun_ASV_445",39,0
"922","fun_ASV_140",39,0
"923","fun_ASV_22",2,0
"924","fun_ASV_108",22,0
"925","fun_ASV_762",39,0
"926","fun_ASV_48",22,0
"927","fun_ASV_21",22,0
"928","fun_ASV_101",39,0
"929","fun_ASV_360",3,0
"930","fun_ASV_184",22,0
"931","fun_ASV_357",39,0
"932","fun_ASV_30",39,0
"933","fun_ASV_303",39,0
"934","fun_ASV_650",39,0
"935","fun_ASV_63",22,0
"936","fun_ASV_229",22,0
"937","fun_ASV_435",39,0
"938","fun_ASV_880",39,0
"939","fun_ASV_585",39,0
"940","fun_ASV_575",22,0
"941","fun_ASV_484",39,0
"942","fun_ASV_124",39,0
"943","fun_ASV_160",39,0
"944","fun_ASV_164",39,0
"945","fun_ASV_269",39,0
"946","fun_ASV_294",39,0
"947","fun_ASV_547",39,0
"948","fun_ASV_223",2,0
"949","fun_ASV_193",39,0
"950","fun_ASV_418",2,0
"951","fun_ASV_54",39,0
"952","fun_ASV_754",22,0
"953","fun_ASV_655",39,0
"954","fun_ASV_443",22,0
"955","fun_ASV_18",22,0
"956","fun_ASV_50",39,0
"957","fun_ASV_469",39,0
"958","fun_ASV_627",39,0
"959","fun_ASV_641",39,0
"960","fun_ASV_272",39,0
"961","fun_ASV_955",39,0
"962","fun_ASV_57",39,0
"963","fun_ASV_182",22,0
"964","fun_ASV_97",39,0
"965","fun_ASV_61",22,0
"966","fun_ASV_261",22,0
"967","fun_ASV_408",39,0
"968","fun_ASV_1106",39,0
"969","fun_ASV_544",39,0
"970","fun_ASV_387",39,0
"971","fun_ASV_214",39,0
"972","fun_ASV_243",39,0
"973","fun_ASV_562",22,0
"974","fun_ASV_899",22,0
"975","fun_ASV_912",22,0
"976","fun_ASV_93",39,0
"977","fun_ASV_1053",39,0
"978","fun_ASV_43",2,0
"979","fun_ASV_75",2,0
"980","fun_ASV_159",22,0
"981","fun_ASV_11",39,0
"982","fun_ASV_14",39,0
"983","fun_ASV_35",22,0
"984","fun_ASV_549",22,0
"985","fun_ASV_26",2,0
"986","fun_ASV_621",39,0
"987","fun_ASV_210",39,0
"988","fun_ASV_205",22,0
"989","fun_ASV_648",2,0
"990","fun_ASV_413",22,0
"991","fun_ASV_287",22,0
"992","fun_ASV_163",2,0
"993","fun_ASV_204",39,0
"994","fun_ASV_12",39,0
"995","fun_ASV_612",39,0
"996","fun_ASV_589",22,0
"997","fun_ASV_77",22,0
"998","fun_ASV_74",39,0
"999","fun_ASV_306",1,0
"1000","bac_ASV_662",39,0
