"","igraph.degree","igraph.closeness","igraph.betweenness","igraph.cen.degree"
"ASV_1414",1,1,0,1
"ASV_838",2,1,0,2
"ASV_961",2,1,0,2
"ASV_2118",3,1,0,3
"ASV_1065",3,1,0,3
"ASV_3187",3,1,0,3
"ASV_1641",2,1,0,2
"ASV_5697",2,1,0,2
"ASV_23",6,1,0,6
"ASV_298",6,1,0,6
"ASV_495",6,1,0,6
"ASV_871",6,1,0,6
"ASV_3056",6,1,0,6
"ASV_1736",6,1,0,6
"ASV_273",6,1,0,6
"ASV_1217",6,1,0,6
"ASV_630",6,1,0,6
"ASV_735",6,1,0,6
"ASV_2613",6,1,0,6
"ASV_1236",6,1,0,6
"ASV_455",3,1,0,3
"ASV_1120",3,1,0,3
"ASV_406",3,1,0,3
"ASV_49",5,1,0,5
"ASV_812",5,1,0,5
"ASV_540",5,1,0,5
"ASV_695",5,1,0,5
"ASV_2032",5,1,0,5
"ASV_228",5,1,0,5
"ASV_596",5,1,0,5
"ASV_944",5,1,0,5
"ASV_478",5,1,0,5
"ASV_510",5,1,0,5
"ASV_1342",3,1,0,3
"ASV_1607",3,1,0,3
"ASV_749",3,1,0,3
"ASV_41",14,1,0,14
"ASV_81",14,1,0,14
"ASV_95",14,1,0,14
"ASV_970",14,1,0,14
"ASV_85",14,1,0,14
"ASV_235",14,1,0,14
"ASV_421",14,1,0,14
"ASV_258",14,1,0,14
"ASV_1025",14,1,0,14
"ASV_2633",14,1,0,14
"ASV_5228",14,1,0,14
"ASV_3791",14,1,0,14
"ASV_1365",14,1,0,14
"ASV_1033",14,1,0,14
"ASV_135",3,1,0,3
"ASV_171",3,1,0,3
"ASV_1244",3,1,0,3
"ASV_73",3,1,0,3
"ASV_341",3,1,0,3
"ASV_886",3,1,0,3
"ASV_80",12,1,0,12
"ASV_276",12,1,0,12
"ASV_253",12,1,0,12
"ASV_1180",12,1,0,12
"ASV_51",12,1,0,12
"ASV_874",12,1,0,12
"ASV_34",12,1,0,12
"ASV_164",12,1,0,12
"ASV_1976",12,1,0,12
"ASV_1100",12,1,0,12
"ASV_1280",12,1,0,12
"ASV_814",12,1,0,12
"ASV_1012",2,1,0,2
"ASV_959",2,1,0,2
"ASV_67",5,1,0,5
"ASV_111",5,1,0,5
"ASV_774",5,1,0,5
"ASV_2770",5,1,0,5
"ASV_1978",5,1,0,5
"ASV_1292",7,1,0,7
"ASV_965",7,1,0,7
"ASV_5134",7,1,0,7
"ASV_1489",7,1,0,7
"ASV_845",7,1,0,7
"ASV_1028",7,1,0,7
"ASV_4840",7,1,0,7
"ASV_643",2,1,0,2
"ASV_583",2,1,0,2
"ASV_1724",1,1,0,1
"ASV_682",3,1,0,3
"ASV_650",3,1,0,3
"ASV_1136",3,1,0,3
"ASV_1660",2,1,0,2
"ASV_3375",2,1,0,2
"ASV_99",8,1,0,8
"ASV_1159",8,1,0,8
"ASV_53",8,1,0,8
"ASV_1584",8,1,0,8
"ASV_903",8,1,0,8
"ASV_4104",8,1,0,8
"ASV_1455",8,1,0,8
"ASV_6663",8,1,0,8
"ASV_27",4,1,0,4
"ASV_609",4,1,0,4
"ASV_1556",4,1,0,4
"ASV_987",4,1,0,4
"ASV_473",2,1,0,2
"ASV_1024",2,1,0,2
"ASV_1355",4,1,0,4
"ASV_1130",4,1,0,4
"ASV_5757",4,1,0,4
"ASV_1527",4,1,0,4
"ASV_93",16,1,0,16
"ASV_63",16,1,0,16
"ASV_843",16,1,0,16
"ASV_932",16,1,0,16
"ASV_1483",16,1,0,16
"ASV_1391",16,1,0,16
"ASV_629",16,1,0,16
"ASV_1436",16,1,0,16
"ASV_2789",16,1,0,16
"ASV_985",16,1,0,16
"ASV_1321",16,1,0,16
"ASV_2953",16,1,0,16
"ASV_688",16,1,0,16
"ASV_1430",16,1,0,16
"ASV_3307",16,1,0,16
"ASV_1444",16,1,0,16
"ASV_476",3,1,0,3
"ASV_1297",3,1,0,3
"ASV_1183",3,1,0,3
"ASV_309",9,1,0,9
"ASV_267",9,1,0,9
"ASV_145",9,1,0,9
"ASV_277",9,1,0,9
"ASV_1102",9,1,0,9
"ASV_1089",9,1,0,9
"ASV_74",9,1,0,9
"ASV_641",9,1,0,9
"ASV_1598",9,1,0,9
"ASV_2254",8,1,0,8
"ASV_489",8,1,0,8
"ASV_636",8,1,0,8
"ASV_878",8,1,0,8
"ASV_3463",8,1,0,8
"ASV_1541",8,1,0,8
"ASV_6280",8,1,0,8
"ASV_2946",8,1,0,8
"ASV_2307",2,1,0,2
"ASV_1250",2,1,0,2
"ASV_257",3,1,0,3
"ASV_1388",3,1,0,3
"ASV_930",3,1,0,3
"ASV_2",24,1,0,24
"ASV_142",24,1,0,24
"ASV_404",24,1,0,24
"ASV_433",24,1,0,24
"ASV_2951",24,1,0,24
"ASV_792",24,1,0,24
"ASV_84",24,1,0,24
"ASV_808",24,1,0,24
"ASV_511",24,1,0,24
"ASV_2428",24,1,0,24
"ASV_2893",24,1,0,24
"ASV_1239",24,1,0,24
"ASV_2902",24,1,0,24
"ASV_897",24,1,0,24
"ASV_240",24,1,0,24
"ASV_6538",24,1,0,24
"ASV_1246",24,1,0,24
"ASV_1375",24,1,0,24
"ASV_1199",24,1,0,24
"ASV_538",24,1,0,24
"ASV_4323",24,1,0,24
"ASV_1191",24,1,0,24
"ASV_1888",24,1,0,24
"ASV_1467",24,1,0,24
"ASV_378",2,1,0,2
"ASV_3863",2,1,0,2
"ASV_425",3,1,0,3
"ASV_346",3,1,0,3
"ASV_183",3,1,0,3
"ASV_144",3,1,0,3
"ASV_4201",3,1,0,3
"ASV_1169",3,1,0,3
"ASV_619",4,1,0,4
"ASV_830",4,1,0,4
"ASV_2271",4,1,0,4
"ASV_2768",4,1,0,4
"ASV_388",2,1,0,2
"ASV_1270",2,1,0,2
"ASV_375",1,1,0,1
"ASV_45",11,1,0,11
"ASV_131",11,1,0,11
"ASV_42",11,1,0,11
"ASV_148",11,1,0,11
"ASV_1090",11,1,0,11
"ASV_347",11,1,0,11
"ASV_2709",11,1,0,11
"ASV_1854",11,1,0,11
"ASV_312",11,1,0,11
"ASV_2830",11,1,0,11
"ASV_3515",11,1,0,11
"ASV_608",1,1,0,1
"ASV_498",3,1,0,3
"ASV_3509",3,1,0,3
"ASV_1195",3,1,0,3
"ASV_670",7,1,0,7
"ASV_1258",7,1,0,7
"ASV_1593",7,1,0,7
"ASV_3622",7,1,0,7
"ASV_2003",7,1,0,7
"ASV_4656",7,1,0,7
"ASV_2547",7,1,0,7
"ASV_292",3,1,0,3
"ASV_149",3,1,0,3
"ASV_8269",3,1,0,3
"ASV_440",5,1,0,5
"ASV_313",5,1,0,5
"ASV_661",5,1,0,5
"ASV_614",5,1,0,5
"ASV_3070",5,1,0,5
"ASV_101",4,1,0,4
"ASV_546",4,1,0,4
"ASV_139",4,1,0,4
"ASV_480",4,1,0,4
"ASV_222",1,1,0,1
"ASV_71",19,1,0,19
"ASV_451",19,1,0,19
"ASV_398",19,1,0,19
"ASV_308",19,1,0,19
"ASV_1688",19,1,0,19
"ASV_377",19,1,0,19
"ASV_493",19,1,0,19
"ASV_1054",19,1,0,19
"ASV_721",19,1,0,19
"ASV_2011",19,1,0,19
"ASV_477",19,1,0,19
"ASV_2116",19,1,0,19
"ASV_952",19,1,0,19
"ASV_1011",19,1,0,19
"ASV_3273",19,1,0,19
"ASV_1055",19,1,0,19
"ASV_1126",19,1,0,19
"ASV_1346",19,1,0,19
"ASV_7471",19,1,0,19
"ASV_486",3,1,0,3
"ASV_255",3,1,0,3
"ASV_1490",3,1,0,3
"ASV_174",4,1,0,4
"ASV_2218",4,1,0,4
"ASV_1187",4,1,0,4
"ASV_637",4,1,0,4
"ASV_1709",10,1,0,10
"ASV_205",10,1,0,10
"ASV_1228",10,1,0,10
"ASV_1018",10,1,0,10
"ASV_226",10,1,0,10
"ASV_725",10,1,0,10
"ASV_3106",10,1,0,10
"ASV_1138",10,1,0,10
"ASV_937",10,1,0,10
"ASV_1457",10,1,0,10
"ASV_129",13,1,0,13
"ASV_83",13,1,0,13
"ASV_78",13,1,0,13
"ASV_772",13,1,0,13
"ASV_513",13,1,0,13
"ASV_445",13,1,0,13
"ASV_497",13,1,0,13
"ASV_918",13,1,0,13
"ASV_2160",13,1,0,13
"ASV_278",13,1,0,13
"ASV_678",13,1,0,13
"ASV_374",13,1,0,13
"ASV_429",13,1,0,13
"ASV_296",1,1,0,1
"ASV_290",19,1,0,19
"ASV_109",19,1,0,19
"ASV_332",19,1,0,19
"ASV_201",19,1,0,19
"ASV_350",19,1,0,19
"ASV_76",19,1,0,19
"ASV_300",19,1,0,19
"ASV_230",19,1,0,19
"ASV_617",19,1,0,19
"ASV_438",19,1,0,19
"ASV_400",19,1,0,19
"ASV_675",19,1,0,19
"ASV_236",19,1,0,19
"ASV_1003",19,1,0,19
"ASV_672",19,1,0,19
"ASV_260",19,1,0,19
"ASV_1506",19,1,0,19
"ASV_4370",19,1,0,19
"ASV_1083",19,1,0,19
"ASV_447",4,1,0,4
"ASV_606",4,1,0,4
"ASV_1791",4,1,0,4
"ASV_1488",4,1,0,4
"ASV_130",6,1,0,6
"ASV_459",6,1,0,6
"ASV_1341",6,1,0,6
"ASV_541",6,1,0,6
"ASV_1519",6,1,0,6
"ASV_2240",6,1,0,6
"ASV_87",2,1,0,2
"ASV_821",2,1,0,2
"ASV_703",1,1,0,1
"ASV_407",3,1,0,3
"ASV_1095",3,1,0,3
"ASV_818",3,1,0,3
"ASV_2914",1,1,0,1
"ASV_1512",8,1,0,8
"ASV_147",8,1,0,8
"ASV_731",8,1,0,8
"ASV_386",8,1,0,8
"ASV_1116",8,1,0,8
"ASV_822",8,1,0,8
"ASV_2634",8,1,0,8
"ASV_3982",8,1,0,8
"ASV_72",6,1,0,6
"ASV_366",6,1,0,6
"ASV_1793",6,1,0,6
"ASV_1989",6,1,0,6
"ASV_750",6,1,0,6
"ASV_716",6,1,0,6
"ASV_732",3,1,0,3
"ASV_841",3,1,0,3
"ASV_618",3,1,0,3
"ASV_202",1,1,0,1
"ASV_338",2,1,0,2
"ASV_1356",2,1,0,2
"ASV_247",5,1,0,5
"ASV_1743",5,1,0,5
"ASV_708",5,1,0,5
"ASV_680",5,1,0,5
"ASV_567",5,1,0,5
"ASV_2161",1,1,0,1
"ASV_3834",1,1,0,1
"ASV_279",1,1,0,1
"ASV_2683",3,1,0,3
"ASV_1705",3,1,0,3
"ASV_3905",3,1,0,3
"ASV_536",2,1,0,2
"ASV_423",2,1,0,2
"ASV_323",4,1,0,4
"ASV_431",4,1,0,4
"ASV_158",4,1,0,4
"ASV_104",4,1,0,4
"ASV_1304",2,1,0,2
"ASV_901",2,1,0,2
"ASV_2342",2,1,0,2
"ASV_1992",2,1,0,2
"ASV_1192",2,1,0,2
"ASV_3885",2,1,0,2
"ASV_178",9,1,0,9
"ASV_369",9,1,0,9
"ASV_819",9,1,0,9
"ASV_1413",9,1,0,9
"ASV_763",9,1,0,9
"ASV_782",9,1,0,9
"ASV_2282",9,1,0,9
"ASV_108",9,1,0,9
"ASV_3318",9,1,0,9
"ASV_683",2,1,0,2
"ASV_1051",2,1,0,2
"ASV_707",5,1,0,5
"ASV_1128",5,1,0,5
"ASV_612",5,1,0,5
"ASV_2682",5,1,0,5
"ASV_1155",5,1,0,5
"ASV_1064",2,1,0,2
"ASV_140",2,1,0,2
"ASV_1125",6,1,0,6
"ASV_4768",6,1,0,6
"ASV_48",6,1,0,6
"ASV_6333",6,1,0,6
"ASV_2494",6,1,0,6
"ASV_1394",6,1,0,6
"ASV_3964",3,1,0,3
"ASV_1048",3,1,0,3
"ASV_311",3,1,0,3
"ASV_232",3,1,0,3
"ASV_4240",3,1,0,3
"ASV_793",3,1,0,3
"ASV_424",10,1,0,10
"ASV_301",10,1,0,10
"ASV_294",10,1,0,10
"ASV_159",10,1,0,10
"ASV_972",10,1,0,10
"ASV_748",10,1,0,10
"ASV_699",10,1,0,10
"ASV_1015",10,1,0,10
"ASV_1047",10,1,0,10
"ASV_1747",10,1,0,10
"ASV_132",3,1,0,3
"ASV_1197",3,1,0,3
"ASV_1967",3,1,0,3
"ASV_107",3,1,0,3
"ASV_1841",3,1,0,3
"ASV_907",3,1,0,3
"ASV_689",4,1,0,4
"ASV_3518",4,1,0,4
"ASV_922",4,1,0,4
"ASV_1016",4,1,0,4
"ASV_1551",5,1,0,5
"ASV_2262",5,1,0,5
"ASV_185",5,1,0,5
"ASV_3803",5,1,0,5
"ASV_1599",5,1,0,5
"ASV_231",2,1,0,2
"ASV_1536",2,1,0,2
"ASV_634",1,1,0,1
"ASV_1412",1,1,0,1
"ASV_526",4,1,0,4
"ASV_1602",4,1,0,4
"ASV_2157",4,1,0,4
"ASV_225",4,1,0,4
"ASV_664",1,1,0,1
"ASV_3689",5,1,0,5
"ASV_904",5,1,0,5
"ASV_1424",5,1,0,5
"ASV_2312",5,1,0,5
"ASV_1591",5,1,0,5
"ASV_624",1,1,0,1
"ASV_1161",1,1,0,1
"ASV_626",1,1,0,1
"ASV_858",2,1,0,2
"ASV_1056",2,1,0,2
"ASV_1829",2,1,0,2
"ASV_2999",2,1,0,2
"ASV_2975",8,1,0,8
"ASV_182",8,1,0,8
"ASV_261",8,1,0,8
"ASV_137",8,1,0,8
"ASV_652",8,1,0,8
"ASV_813",8,1,0,8
"ASV_1656",8,1,0,8
"ASV_5800",8,1,0,8
"ASV_1045",2,1,0,2
"ASV_673",2,1,0,2
"ASV_339",2,1,0,2
"ASV_7411",2,1,0,2
"ASV_118",1,1,0,1
"ASV_2348",1,1,0,1
"ASV_271",1,1,0,1
"ASV_1328",2,1,0,2
"ASV_892",2,1,0,2
"ASV_390",5,1,0,5
"ASV_921",5,1,0,5
"ASV_125",5,1,0,5
"ASV_3128",5,1,0,5
"ASV_8734",5,1,0,5
"ASV_543",2,1,0,2
"ASV_1110",2,1,0,2
"ASV_974",2,1,0,2
"ASV_3978",2,1,0,2
"ASV_556",3,1,0,3
"ASV_373",3,1,0,3
"ASV_1508",3,1,0,3
"ASV_1230",1,1,0,1
"ASV_249",10,1,0,10
"ASV_627",10,1,0,10
"ASV_1164",10,1,0,10
"ASV_804",10,1,0,10
"ASV_246",10,1,0,10
"ASV_1104",10,1,0,10
"ASV_994",10,1,0,10
"ASV_1678",10,1,0,10
"ASV_2122",10,1,0,10
"ASV_3036",10,1,0,10
"ASV_599",8,1,0,8
"ASV_414",8,1,0,8
"ASV_3531",8,1,0,8
"ASV_3819",8,1,0,8
"ASV_734",8,1,0,8
"ASV_1181",8,1,0,8
"ASV_1439",8,1,0,8
"ASV_256",8,1,0,8
"ASV_1609",9,1,0,9
"ASV_210",9,1,0,9
"ASV_1610",9,1,0,9
"ASV_569",9,1,0,9
"ASV_2088",9,1,0,9
"ASV_1135",9,1,0,9
"ASV_428",9,1,0,9
"ASV_1189",9,1,0,9
"ASV_3048",9,1,0,9
"ASV_2560",1,1,0,1
"ASV_572",3,1,0,3
"ASV_2275",3,1,0,3
"ASV_3284",3,1,0,3
"ASV_651",9,1,0,9
"ASV_1380",9,1,0,9
"ASV_693",9,1,0,9
"ASV_5449",9,1,0,9
"ASV_484",9,1,0,9
"ASV_714",9,1,0,9
"ASV_5647",9,1,0,9
"ASV_6947",9,1,0,9
"ASV_2466",9,1,0,9
"ASV_59",4,1,0,4
"ASV_420",4,1,0,4
"ASV_1531",4,1,0,4
"ASV_1495",4,1,0,4
"ASV_355",2,1,0,2
"ASV_1776",2,1,0,2
"ASV_322",5,1,0,5
"ASV_1030",5,1,0,5
"ASV_1337",5,1,0,5
"ASV_1529",5,1,0,5
"ASV_5299",5,1,0,5
"ASV_1726",1,1,0,1
"ASV_220",2,1,0,2
"ASV_1330",2,1,0,2
"ASV_998",1,1,0,1
"ASV_1671",1,1,0,1
"ASV_620",3,1,0,3
"ASV_786",3,1,0,3
"ASV_1405",3,1,0,3
"ASV_1647",2,1,0,2
"ASV_317",2,1,0,2
"ASV_846",1,1,0,1
"ASV_542",2,1,0,2
"ASV_3893",2,1,0,2
"ASV_310",4,1,0,4
"ASV_1279",4,1,0,4
"ASV_727",4,1,0,4
"ASV_1777",4,1,0,4
"ASV_1198",6,1,0,6
"ASV_187",6,1,0,6
"ASV_280",6,1,0,6
"ASV_3595",6,1,0,6
"ASV_4219",6,1,0,6
"ASV_379",6,1,0,6
"ASV_1411",3,1,0,3
"ASV_739",3,1,0,3
"ASV_1215",3,1,0,3
"ASV_403",2,1,0,2
"ASV_1059",2,1,0,2
"ASV_532",1,1,0,1
"ASV_151",2,1,0,2
"ASV_911",2,1,0,2
"ASV_1596",3,1,0,3
"ASV_1611",3,1,0,3
"ASV_986",3,1,0,3
"ASV_3127",1,1,0,1
"ASV_356",1,1,0,1
"ASV_1577",1,1,0,1
"ASV_1402",6,1,0,6
"ASV_653",6,1,0,6
"ASV_4700",6,1,0,6
"ASV_896",6,1,0,6
"ASV_805",6,1,0,6
"ASV_1152",6,1,0,6
"ASV_723",2,1,0,2
"ASV_1091",2,1,0,2
"ASV_1667",1,1,0,1
"ASV_509",1,1,0,1
"ASV_1458",1,1,0,1
"ASV_413",4,1,0,4
"ASV_1156",4,1,0,4
"ASV_1216",4,1,0,4
"ASV_1613",4,1,0,4
"ASV_662",1,1,0,1
"ASV_1008",3,1,0,3
"ASV_1812",3,1,0,3
"ASV_8698",3,1,0,3
"ASV_314",6,1,0,6
"ASV_363",6,1,0,6
"ASV_393",6,1,0,6
"ASV_1945",6,1,0,6
"ASV_560",6,1,0,6
"ASV_1616",6,1,0,6
"ASV_1690",1,1,0,1
"ASV_554",4,1,0,4
"ASV_795",4,1,0,4
"ASV_1166",4,1,0,4
"ASV_4085",4,1,0,4
"ASV_548",1,1,0,1
"ASV_472",5,1,0,5
"ASV_1432",5,1,0,5
"ASV_1572",5,1,0,5
"ASV_1821",5,1,0,5
"ASV_1242",5,1,0,5
"ASV_394",4,1,0,4
"ASV_1245",4,1,0,4
"ASV_2757",4,1,0,4
"ASV_1141",4,1,0,4
"ASV_441",1,1,0,1
"ASV_2862",1,1,0,1
"ASV_1331",1,1,0,1
"ASV_2738",1,1,0,1
"ASV_12",2,1,0,2
"ASV_1810",2,1,0,2
"ASV_522",4,1,0,4
"ASV_976",4,1,0,4
"ASV_2293",4,1,0,4
"ASV_2216",4,1,0,4
"ASV_266",4,1,0,4
"ASV_654",4,1,0,4
"ASV_1101",4,1,0,4
"ASV_733",4,1,0,4
"ASV_1396",3,1,0,3
"ASV_2272",3,1,0,3
"ASV_983",3,1,0,3
"ASV_1176",1,1,0,1
"ASV_285",1,1,0,1
"ASV_2189",1,1,0,1
"ASV_3702",1,1,0,1
"ASV_1715",2,1,0,2
"ASV_686",2,1,0,2
"ASV_585",1,1,0,1
"ASV_351",1,1,0,1
"ASV_284",1,1,0,1
"ASV_588",1,1,0,1
"ASV_1923",2,1,0,2
"ASV_3802",2,1,0,2
"ASV_2624",1,1,0,1
"ASV_2691",2,1,0,2
"ASV_2099",2,1,0,2
"ASV_905",1,1,0,1
"ASV_702",3,1,0,3
"ASV_1254",3,1,0,3
"ASV_642",3,1,0,3
"ASV_4424",1,1,0,1
"ASV_778",1,1,0,1
"ASV_1177",2,1,0,2
"ASV_4022",2,1,0,2
"ASV_1773",2,1,0,2
"ASV_712",2,1,0,2
"ASV_890",1,1,0,1
"ASV_796",2,1,0,2
"ASV_3107",2,1,0,2
"ASV_454",1,1,0,1
"ASV_460",1,1,0,1
"ASV_1500",1,1,0,1
"ASV_475",1,1,0,1
"ASV_5071",1,1,0,1
"ASV_1867",1,1,0,1
"ASV_2092",4,1,0,4
"ASV_857",4,1,0,4
"ASV_1031",4,1,0,4
"ASV_847",4,1,0,4
"ASV_700",2,1,0,2
"ASV_3448",2,1,0,2
"ASV_729",2,1,0,2
"ASV_195",2,1,0,2
"ASV_6724",3,1,0,3
"ASV_128",3,1,0,3
"ASV_835",3,1,0,3
"ASV_776",2,1,0,2
"ASV_2377",2,1,0,2
"ASV_329",2,1,0,2
"ASV_1382",2,1,0,2
"ASV_1129",2,1,0,2
"ASV_1505",2,1,0,2
"ASV_1094",1,1,0,1
"ASV_2724",1,1,0,1
"ASV_395",7,1,0,7
"ASV_852",7,1,0,7
"ASV_2033",7,1,0,7
"ASV_807",7,1,0,7
"ASV_876",7,1,0,7
"ASV_623",7,1,0,7
"ASV_6921",7,1,0,7
"ASV_293",2,1,0,2
"ASV_737",2,1,0,2
"ASV_646",1,1,0,1
"ASV_1084",1,1,0,1
"ASV_2102",1,1,0,1
"ASV_2689",1,1,0,1
"ASV_368",1,1,0,1
"ASV_2666",1,1,0,1
"ASV_216",2,1,0,2
"ASV_1210",2,1,0,2
"ASV_1282",1,1,0,1
"ASV_938",2,1,0,2
"ASV_1659",2,1,0,2
"ASV_5164",3,1,0,3
"ASV_1301",3,1,0,3
"ASV_1118",3,1,0,3
"ASV_446",2,1,0,2
"ASV_1262",2,1,0,2
"ASV_436",1,1,0,1
"ASV_115",1,1,0,1
"ASV_2030",2,1,0,2
"ASV_3327",2,1,0,2
"ASV_1443",1,1,0,1
"ASV_2477",1,1,0,1
"ASV_1247",3,1,0,3
"ASV_1930",3,1,0,3
"ASV_1758",3,1,0,3
"ASV_563",1,1,0,1
"ASV_1040",1,1,0,1
"ASV_2681",1,1,0,1
"ASV_1",1,1,0,1
"ASV_5",2,1,0,2
"ASV_11",3,1,0,3
"ASV_7",2,1,0,2
"ASV_21",6,1,0,6
"ASV_47",6,1,0,6
"ASV_39",3,1,0,3
"ASV_196",5,1,0,5
"ASV_30",5,1,0,5
"ASV_442",3,1,0,3
"ASV_40",14,1,0,14
"ASV_33",3,1,0,3
"ASV_213",3,1,0,3
"ASV_35",12,1,0,12
"ASV_22",2,1,0,2
"ASV_152",5,1,0,5
"ASV_103",7,1,0,7
"ASV_50",2,1,0,2
"ASV_16",1,1,0,1
"ASV_62",3,1,0,3
"ASV_13",2,1,0,2
"ASV_52",8,1,0,8
"ASV_88",4,1,0,4
"ASV_18",2,1,0,2
"ASV_44",4,1,0,4
"ASV_29",16,1,0,16
"ASV_25",3,1,0,3
"ASV_75",9,1,0,9
"ASV_15",8,1,0,8
"ASV_840",2,1,0,2
"ASV_82",3,1,0,3
"ASV_36",24,1,0,24
"ASV_38",2,1,0,2
"ASV_757",3,1,0,3
"ASV_9",3,1,0,3
"ASV_55",4,1,0,4
"ASV_10",2,1,0,2
"ASV_191",1,1,0,1
"ASV_46",11,1,0,11
"ASV_387",1,1,0,1
"ASV_64",3,1,0,3
"ASV_20",7,1,0,7
"ASV_31",3,1,0,3
"ASV_24",5,1,0,5
"ASV_92",4,1,0,4
"ASV_1339",1,1,0,1
"ASV_66",19,1,0,19
"ASV_244",3,1,0,3
"ASV_70",4,1,0,4
"ASV_60",10,1,0,10
"ASV_348",13,1,0,13
"ASV_179",1,1,0,1
"ASV_96",19,1,0,19
"ASV_381",4,1,0,4
"ASV_19",6,1,0,6
"ASV_127",2,1,0,2
"ASV_136",1,1,0,1
"ASV_116",3,1,0,3
"ASV_206",1,1,0,1
"ASV_122",8,1,0,8
"ASV_370",6,1,0,6
"ASV_32",3,1,0,3
"ASV_68",1,1,0,1
"ASV_114",2,1,0,2
"ASV_69",5,1,0,5
"ASV_1032",1,1,0,1
"ASV_57",1,1,0,1
"ASV_86",1,1,0,1
"ASV_316",3,1,0,3
"ASV_165",2,1,0,2
"ASV_189",4,1,0,4
"ASV_456",2,1,0,2
"ASV_141",2,1,0,2
"ASV_272",2,1,0,2
"ASV_113",9,1,0,9
"ASV_227",2,1,0,2
"ASV_219",5,1,0,5
"ASV_17",2,1,0,2
"ASV_842",6,1,0,6
"ASV_123",3,1,0,3
"ASV_65",3,1,0,3
"ASV_229",10,1,0,10
"ASV_54",3,1,0,3
"ASV_124",3,1,0,3
"ASV_694",4,1,0,4
"ASV_200",5,1,0,5
"ASV_342",2,1,0,2
"ASV_61",1,1,0,1
"ASV_336",1,1,0,1
"ASV_324",4,1,0,4
"ASV_334",1,1,0,1
"ASV_161",5,1,0,5
"ASV_143",1,1,0,1
"ASV_328",1,1,0,1
"ASV_169",1,1,0,1
"ASV_263",2,1,0,2
"ASV_262",2,1,0,2
"ASV_304",8,1,0,8
"ASV_173",2,1,0,2
"ASV_133",2,1,0,2
"ASV_283",1,1,0,1
"ASV_265",1,1,0,1
"ASV_207",1,1,0,1
"ASV_305",2,1,0,2
"ASV_775",5,1,0,5
"ASV_105",2,1,0,2
"ASV_155",2,1,0,2
"ASV_197",3,1,0,3
"ASV_3",1,1,0,1
"ASV_218",10,1,0,10
"ASV_1111",8,1,0,8
"ASV_134",9,1,0,9
"ASV_1295",1,1,0,1
"ASV_180",3,1,0,3
"ASV_2210",9,1,0,9
"ASV_1168",4,1,0,4
"ASV_320",2,1,0,2
"ASV_190",5,1,0,5
"ASV_138",1,1,0,1
"ASV_291",2,1,0,2
"ASV_58",1,1,0,1
"ASV_502",1,1,0,1
"ASV_242",3,1,0,3
"ASV_361",2,1,0,2
"ASV_417",1,1,0,1
"ASV_367",2,1,0,2
"ASV_362",4,1,0,4
"ASV_384",6,1,0,6
"ASV_94",3,1,0,3
"ASV_964",2,1,0,2
"ASV_286",1,1,0,1
"ASV_282",2,1,0,2
"ASV_415",3,1,0,3
"ASV_252",1,1,0,1
"ASV_170",1,1,0,1
"ASV_564",1,1,0,1
"ASV_318",6,1,0,6
"ASV_815",2,1,0,2
"ASV_580",1,1,0,1
"ASV_474",1,1,0,1
"ASV_1207",1,1,0,1
"ASV_1067",4,1,0,4
"ASV_468",1,1,0,1
"ASV_581",3,1,0,3
"ASV_663",6,1,0,6
"ASV_1453",1,1,0,1
"ASV_376",4,1,0,4
"ASV_927",1,1,0,1
"ASV_245",5,1,0,5
"ASV_471",4,1,0,4
"ASV_372",1,1,0,1
"ASV_1454",1,1,0,1
"ASV_211",1,1,0,1
"ASV_106",1,1,0,1
"ASV_193",2,1,0,2
"ASV_504",4,1,0,4
"ASV_568",4,1,0,4
"ASV_535",3,1,0,3
"ASV_462",1,1,0,1
"ASV_562",1,1,0,1
"ASV_2801",1,1,0,1
"ASV_465",1,1,0,1
"ASV_1300",2,1,0,2
"ASV_274",1,1,0,1
"ASV_923",1,1,0,1
"ASV_565",1,1,0,1
"ASV_389",1,1,0,1
"ASV_154",2,1,0,2
"ASV_358",1,1,0,1
"ASV_302",2,1,0,2
"ASV_587",1,1,0,1
"ASV_622",3,1,0,3
"ASV_855",1,1,0,1
"ASV_494",1,1,0,1
"ASV_224",2,1,0,2
"ASV_1182",2,1,0,2
"ASV_233",1,1,0,1
"ASV_1498",2,1,0,2
"ASV_3169",1,1,0,1
"ASV_799",1,1,0,1
"ASV_655",1,1,0,1
"ASV_893",1,1,0,1
"ASV_1036",1,1,0,1
"ASV_1843",1,1,0,1
"ASV_1233",4,1,0,4
"ASV_250",2,1,0,2
"ASV_508",2,1,0,2
"ASV_657",3,1,0,3
"ASV_1267",2,1,0,2
"ASV_4015",2,1,0,2
"ASV_751",2,1,0,2
"ASV_1590",1,1,0,1
"ASV_163",1,1,0,1
"ASV_5553",7,1,0,7
"ASV_2297",2,1,0,2
"ASV_485",1,1,0,1
"ASV_1068",1,1,0,1
"ASV_942",1,1,0,1
"ASV_1884",1,1,0,1
"ASV_820",1,1,0,1
"ASV_1303",1,1,0,1
"ASV_1261",2,1,0,2
"ASV_1214",1,1,0,1
"ASV_773",2,1,0,2
"ASV_288",3,1,0,3
"ASV_761",2,1,0,2
"ASV_1451",1,1,0,1
"ASV_340",1,1,0,1
"ASV_259",2,1,0,2
"ASV_3637",1,1,0,1
"ASV_1972",1,1,0,1
"ASV_401",3,1,0,3
"ASV_1644",1,1,0,1
"ASV_726",1,1,0,1
"ASV_1050",1,1,0,1
